innodb_buffer_pool_size,innodb_read_io_threads,innodb_write_io_threads,innodb_flush_log_at_trx_commit,innodb_adaptive_hash_index,sync_binlog,innodb_lru_scan_depth,innodb_buffer_pool_instances,innodb_change_buffer_max_size,innodb_io_capacity,innodb_log_file_size,table_open_cache,binlog_row_image,binlog_transaction_compression,tps,workload,num_table,table_size,num_client,slave_parallel_workers,rpl_semi_sync_slave_enabled,slave_parallel_type
1GB,1,2,1,ON,1,1024,1,25,100,48MB,4000,full,OFF,154.62,oltp_read_write,64,1000000,4,4,ON,LOGICAL_CLOCK
1GB,2,2,1,ON,1,1024,1,25,100,48MB,4000,full,OFF,160.51,oltp_read_write,64,1000000,4,4,ON,LOGICAL_CLOCK
2GB,1,2,1,ON,1,1024,1,25,100,48MB,4000,full,OFF,162.03,oltp_read_write,64,1000000,4,4,ON,LOGICAL_CLOCK
2GB,2,2,1,ON,1,1024,1,25,100,48MB,4000,full,OFF,165.31,oltp_read_write,64,1000000,4,4,ON,LOGICAL_CLOCK
3GB,1,2,1,ON,1,1024,1,25,100,48MB,4000,full,OFF,168.65,oltp_read_write,64,1000000,4,4,ON,LOGICAL_CLOCK
3GB,2,2,1,ON,1,1024,1,25,100,48MB,4000,full,OFF,172.81,oltp_read_write,64,1000000,4,4,ON,LOGICAL_CLOCK
4GB,1,2,1,ON,1,1024,1,25,100,48MB,4000,full,OFF,171.85,oltp_read_write,64,1000000,4,4,ON,LOGICAL_CLOCK
4GB,2,2,1,ON,1,1024,1,25,100,48MB,4000,full,OFF,176.43,oltp_read_write,64,1000000,4,4,ON,LOGICAL_CLOCK
1GB,2,1,1,ON,1,1024,1,25,100,48MB,4000,full,OFF,175.06,oltp_read_write,64,1000000,4,4,ON,LOGICAL_CLOCK
1GB,2,2,1,ON,1,1024,1,25,100,48MB,4000,full,OFF,176.80,oltp_read_write,64,1000000,4,4,ON,LOGICAL_CLOCK
2GB,2,1,1,ON,1,1024,1,25,100,48MB,4000,full,OFF,176.94,oltp_read_write,64,1000000,4,4,ON,LOGICAL_CLOCK
2GB,2,2,1,ON,1,1024,1,25,100,48MB,4000,full,OFF,176.79,oltp_read_write,64,1000000,4,4,ON,LOGICAL_CLOCK
3GB,2,1,1,ON,1,1024,1,25,100,48MB,4000,full,OFF,179.89,oltp_read_write,64,1000000,4,4,ON,LOGICAL_CLOCK
3GB,2,2,1,ON,1,1024,1,25,100,48MB,4000,full,OFF,183.46,oltp_read_write,64,1000000,4,4,ON,LOGICAL_CLOCK
4GB,2,1,1,ON,1,1024,1,25,100,48MB,4000,full,OFF,182.37,oltp_read_write,64,1000000,4,4,ON,LOGICAL_CLOCK
4GB,2,2,1,ON,1,1024,1,25,100,48MB,4000,full,OFF,179.88,oltp_read_write,64,1000000,4,4,ON,LOGICAL_CLOCK
1GB,2,2,0,ON,1,1024,1,25,100,48MB,4000,full,OFF,180.20,oltp_read_write,64,1000000,4,4,ON,LOGICAL_CLOCK
1GB,2,2,1,ON,1,1024,1,25,100,48MB,4000,full,OFF,182.68,oltp_read_write,64,1000000,4,4,ON,LOGICAL_CLOCK
1GB,2,2,2,ON,1,1024,1,25,100,48MB,4000,full,OFF,186.89,oltp_read_write,64,1000000,4,4,ON,LOGICAL_CLOCK
2GB,2,2,0,ON,1,1024,1,25,100,48MB,4000,full,OFF,183.82,oltp_read_write,64,1000000,4,4,ON,LOGICAL_CLOCK
2GB,2,2,1,ON,1,1024,1,25,100,48MB,4000,full,OFF,182.99,oltp_read_write,64,1000000,4,4,ON,LOGICAL_CLOCK
2GB,2,2,2,ON,1,1024,1,25,100,48MB,4000,full,OFF,188.30,oltp_read_write,64,1000000,4,4,ON,LOGICAL_CLOCK
3GB,2,2,0,ON,1,1024,1,25,100,48MB,4000,full,OFF,184.25,oltp_read_write,64,1000000,4,4,ON,LOGICAL_CLOCK
3GB,2,2,1,ON,1,1024,1,25,100,48MB,4000,full,OFF,181.64,oltp_read_write,64,1000000,4,4,ON,LOGICAL_CLOCK
3GB,2,2,2,ON,1,1024,1,25,100,48MB,4000,full,OFF,182.07,oltp_read_write,64,1000000,4,4,ON,LOGICAL_CLOCK
4GB,2,2,0,ON,1,1024,1,25,100,48MB,4000,full,OFF,185.52,oltp_read_write,64,1000000,4,4,ON,LOGICAL_CLOCK
4GB,2,2,1,ON,1,1024,1,25,100,48MB,4000,full,OFF,183.21,oltp_read_write,64,1000000,4,4,ON,LOGICAL_CLOCK
4GB,2,2,2,ON,1,1024,1,25,100,48MB,4000,full,OFF,186.58,oltp_read_write,64,1000000,4,4,ON,LOGICAL_CLOCK
1GB,2,2,1,ON,1,1024,1,25,100,48MB,4000,full,OFF,182.37,oltp_read_write,64,1000000,4,4,ON,LOGICAL_CLOCK
1GB,2,2,1,OFF,1,1024,1,25,100,48MB,4000,full,OFF,189.25,oltp_read_write,64,1000000,4,4,ON,LOGICAL_CLOCK
2GB,2,2,1,ON,1,1024,1,25,100,48MB,4000,full,OFF,187.13,oltp_read_write,64,1000000,4,4,ON,LOGICAL_CLOCK
2GB,2,2,1,OFF,1,1024,1,25,100,48MB,4000,full,OFF,192.29,oltp_read_write,64,1000000,4,4,ON,LOGICAL_CLOCK
3GB,2,2,1,ON,1,1024,1,25,100,48MB,4000,full,OFF,183.31,oltp_read_write,64,1000000,4,4,ON,LOGICAL_CLOCK
3GB,2,2,1,OFF,1,1024,1,25,100,48MB,4000,full,OFF,188.63,oltp_read_write,64,1000000,4,4,ON,LOGICAL_CLOCK
4GB,2,2,1,ON,1,1024,1,25,100,48MB,4000,full,OFF,185.17,oltp_read_write,64,1000000,4,4,ON,LOGICAL_CLOCK
4GB,2,2,1,OFF,1,1024,1,25,100,48MB,4000,full,OFF,184.75,oltp_read_write,64,1000000,4,4,ON,LOGICAL_CLOCK
1GB,2,2,1,ON,0,1024,1,25,100,48MB,4000,full,OFF,185.40,oltp_read_write,64,1000000,4,4,ON,LOGICAL_CLOCK
1GB,2,2,1,ON,1,1024,1,25,100,48MB,4000,full,OFF,185.65,oltp_read_write,64,1000000,4,4,ON,LOGICAL_CLOCK
2GB,2,2,1,ON,0,1024,1,25,100,48MB,4000,full,OFF,187.11,oltp_read_write,64,1000000,4,4,ON,LOGICAL_CLOCK
2GB,2,2,1,ON,1,1024,1,25,100,48MB,4000,full,OFF,186.61,oltp_read_write,64,1000000,4,4,ON,LOGICAL_CLOCK
3GB,2,2,1,ON,0,1024,1,25,100,48MB,4000,full,OFF,187.87,oltp_read_write,64,1000000,4,4,ON,LOGICAL_CLOCK
3GB,2,2,1,ON,1,1024,1,25,100,48MB,4000,full,OFF,187.14,oltp_read_write,64,1000000,4,4,ON,LOGICAL_CLOCK
4GB,2,2,1,ON,0,1024,1,25,100,48MB,4000,full,OFF,184.20,oltp_read_write,64,1000000,4,4,ON,LOGICAL_CLOCK
4GB,2,2,1,ON,1,1024,1,25,100,48MB,4000,full,OFF,188.67,oltp_read_write,64,1000000,4,4,ON,LOGICAL_CLOCK
1GB,2,2,1,ON,1,100,1,25,100,48MB,4000,full,OFF,185.82,oltp_read_write,64,1000000,4,4,ON,LOGICAL_CLOCK
1GB,2,2,1,ON,1,1024,1,25,100,48MB,4000,full,OFF,187.44,oltp_read_write,64,1000000,4,4,ON,LOGICAL_CLOCK
1GB,2,2,1,ON,1,5000,1,25,100,48MB,4000,full,OFF,188.64,oltp_read_write,64,1000000,4,4,ON,LOGICAL_CLOCK
1GB,2,2,1,ON,1,10000,1,25,100,48MB,4000,full,OFF,183.83,oltp_read_write,64,1000000,4,4,ON,LOGICAL_CLOCK
2GB,2,2,1,ON,1,100,1,25,100,48MB,4000,full,OFF,186.36,oltp_read_write,64,1000000,4,4,ON,LOGICAL_CLOCK
2GB,2,2,1,ON,1,1024,1,25,100,48MB,4000,full,OFF,188.81,oltp_read_write,64,1000000,4,4,ON,LOGICAL_CLOCK
2GB,2,2,1,ON,1,5000,1,25,100,48MB,4000,full,OFF,186.58,oltp_read_write,64,1000000,4,4,ON,LOGICAL_CLOCK
2GB,2,2,1,ON,1,10000,1,25,100,48MB,4000,full,OFF,188.56,oltp_read_write,64,1000000,4,4,ON,LOGICAL_CLOCK
3GB,2,2,1,ON,1,100,1,25,100,48MB,4000,full,OFF,187.50,oltp_read_write,64,1000000,4,4,ON,LOGICAL_CLOCK
3GB,2,2,1,ON,1,1024,1,25,100,48MB,4000,full,OFF,188.22,oltp_read_write,64,1000000,4,4,ON,LOGICAL_CLOCK
3GB,2,2,1,ON,1,5000,1,25,100,48MB,4000,full,OFF,186.42,oltp_read_write,64,1000000,4,4,ON,LOGICAL_CLOCK
3GB,2,2,1,ON,1,10000,1,25,100,48MB,4000,full,OFF,186.56,oltp_read_write,64,1000000,4,4,ON,LOGICAL_CLOCK
4GB,2,2,1,ON,1,100,1,25,100,48MB,4000,full,OFF,192.95,oltp_read_write,64,1000000,4,4,ON,LOGICAL_CLOCK
4GB,2,2,1,ON,1,1024,1,25,100,48MB,4000,full,OFF,188.51,oltp_read_write,64,1000000,4,4,ON,LOGICAL_CLOCK
4GB,2,2,1,ON,1,5000,1,25,100,48MB,4000,full,OFF,186.03,oltp_read_write,64,1000000,4,4,ON,LOGICAL_CLOCK
4GB,2,2,1,ON,1,10000,1,25,100,48MB,4000,full,OFF,188.99,oltp_read_write,64,1000000,4,4,ON,LOGICAL_CLOCK
1GB,2,2,1,ON,1,1024,1,25,100,48MB,4000,full,OFF,190.55,oltp_read_write,64,1000000,4,4,ON,LOGICAL_CLOCK
1GB,2,2,1,ON,1,1024,2,25,100,48MB,4000,full,OFF,191.36,oltp_read_write,64,1000000,4,4,ON,LOGICAL_CLOCK
1GB,2,2,1,ON,1,1024,4,25,100,48MB,4000,full,OFF,189.52,oltp_read_write,64,1000000,4,4,ON,LOGICAL_CLOCK
1GB,2,2,1,ON,1,1024,8,25,100,48MB,4000,full,OFF,187.43,oltp_read_write,64,1000000,4,4,ON,LOGICAL_CLOCK
2GB,2,2,1,ON,1,1024,1,25,100,48MB,4000,full,OFF,188.12,oltp_read_write,64,1000000,4,4,ON,LOGICAL_CLOCK
2GB,2,2,1,ON,1,1024,2,25,100,48MB,4000,full,OFF,188.18,oltp_read_write,64,1000000,4,4,ON,LOGICAL_CLOCK
2GB,2,2,1,ON,1,1024,4,25,100,48MB,4000,full,OFF,187.39,oltp_read_write,64,1000000,4,4,ON,LOGICAL_CLOCK
2GB,2,2,1,ON,1,1024,8,25,100,48MB,4000,full,OFF,191.12,oltp_read_write,64,1000000,4,4,ON,LOGICAL_CLOCK
3GB,2,2,1,ON,1,1024,1,25,100,48MB,4000,full,OFF,188.45,oltp_read_write,64,1000000,4,4,ON,LOGICAL_CLOCK
3GB,2,2,1,ON,1,1024,2,25,100,48MB,4000,full,OFF,189.67,oltp_read_write,64,1000000,4,4,ON,LOGICAL_CLOCK
3GB,2,2,1,ON,1,1024,4,25,100,48MB,4000,full,OFF,188.75,oltp_read_write,64,1000000,4,4,ON,LOGICAL_CLOCK
3GB,2,2,1,ON,1,1024,8,25,100,48MB,4000,full,OFF,190.03,oltp_read_write,64,1000000,4,4,ON,LOGICAL_CLOCK
4GB,2,2,1,ON,1,1024,1,25,100,48MB,4000,full,OFF,188.88,oltp_read_write,64,1000000,4,4,ON,LOGICAL_CLOCK
4GB,2,2,1,ON,1,1024,2,25,100,48MB,4000,full,OFF,187.80,oltp_read_write,64,1000000,4,4,ON,LOGICAL_CLOCK
4GB,2,2,1,ON,1,1024,4,25,100,48MB,4000,full,OFF,191.64,oltp_read_write,64,1000000,4,4,ON,LOGICAL_CLOCK
4GB,2,2,1,ON,1,1024,8,25,100,48MB,4000,full,OFF,189.30,oltp_read_write,64,1000000,4,4,ON,LOGICAL_CLOCK
1GB,2,2,1,ON,1,1024,1,0,100,48MB,4000,full,OFF,186.90,oltp_read_write,64,1000000,4,4,ON,LOGICAL_CLOCK
1GB,2,2,1,ON,1,1024,1,10,100,48MB,4000,full,OFF,190.17,oltp_read_write,64,1000000,4,4,ON,LOGICAL_CLOCK
1GB,2,2,1,ON,1,1024,1,25,100,48MB,4000,full,OFF,189.59,oltp_read_write,64,1000000,4,4,ON,LOGICAL_CLOCK
1GB,2,2,1,ON,1,1024,1,50,100,48MB,4000,full,OFF,187.63,oltp_read_write,64,1000000,4,4,ON,LOGICAL_CLOCK
2GB,2,2,1,ON,1,1024,1,0,100,48MB,4000,full,OFF,188.72,oltp_read_write,64,1000000,4,4,ON,LOGICAL_CLOCK
2GB,2,2,1,ON,1,1024,1,10,100,48MB,4000,full,OFF,189.09,oltp_read_write,64,1000000,4,4,ON,LOGICAL_CLOCK
2GB,2,2,1,ON,1,1024,1,25,100,48MB,4000,full,OFF,191.41,oltp_read_write,64,1000000,4,4,ON,LOGICAL_CLOCK
2GB,2,2,1,ON,1,1024,1,50,100,48MB,4000,full,OFF,189.04,oltp_read_write,64,1000000,4,4,ON,LOGICAL_CLOCK
3GB,2,2,1,ON,1,1024,1,0,100,48MB,4000,full,OFF,189.78,oltp_read_write,64,1000000,4,4,ON,LOGICAL_CLOCK
3GB,2,2,1,ON,1,1024,1,10,100,48MB,4000,full,OFF,188.77,oltp_read_write,64,1000000,4,4,ON,LOGICAL_CLOCK
3GB,2,2,1,ON,1,1024,1,25,100,48MB,4000,full,OFF,186.15,oltp_read_write,64,1000000,4,4,ON,LOGICAL_CLOCK
3GB,2,2,1,ON,1,1024,1,50,100,48MB,4000,full,OFF,188.77,oltp_read_write,64,1000000,4,4,ON,LOGICAL_CLOCK
4GB,2,2,1,ON,1,1024,1,0,100,48MB,4000,full,OFF,188.08,oltp_read_write,64,1000000,4,4,ON,LOGICAL_CLOCK
4GB,2,2,1,ON,1,1024,1,10,100,48MB,4000,full,OFF,189.93,oltp_read_write,64,1000000,4,4,ON,LOGICAL_CLOCK
4GB,2,2,1,ON,1,1024,1,25,100,48MB,4000,full,OFF,186.51,oltp_read_write,64,1000000,4,4,ON,LOGICAL_CLOCK
4GB,2,2,1,ON,1,1024,1,50,100,48MB,4000,full,OFF,192.39,oltp_read_write,64,1000000,4,4,ON,LOGICAL_CLOCK
1GB,2,2,1,ON,1,1024,1,25,100,48MB,4000,full,OFF,188.12,oltp_read_write,64,1000000,4,4,ON,LOGICAL_CLOCK
1GB,2,2,1,ON,1,1024,1,25,5000,48MB,4000,full,OFF,186.70,oltp_read_write,64,1000000,4,4,ON,LOGICAL_CLOCK
1GB,2,2,1,ON,1,1024,1,25,10000,48MB,4000,full,OFF,187.34,oltp_read_write,64,1000000,4,4,ON,LOGICAL_CLOCK
1GB,2,2,1,ON,1,1024,1,25,20000,48MB,4000,full,OFF,192.95,oltp_read_write,64,1000000,4,4,ON,LOGICAL_CLOCK
2GB,2,2,1,ON,1,1024,1,25,100,48MB,4000,full,OFF,189.34,oltp_read_write,64,1000000,4,4,ON,LOGICAL_CLOCK
2GB,2,2,1,ON,1,1024,1,25,5000,48MB,4000,full,OFF,193.51,oltp_read_write,64,1000000,4,4,ON,LOGICAL_CLOCK
2GB,2,2,1,ON,1,1024,1,25,10000,48MB,4000,full,OFF,192.69,oltp_read_write,64,1000000,4,4,ON,LOGICAL_CLOCK
2GB,2,2,1,ON,1,1024,1,25,20000,48MB,4000,full,OFF,191.01,oltp_read_write,64,1000000,4,4,ON,LOGICAL_CLOCK
3GB,2,2,1,ON,1,1024,1,25,100,48MB,4000,full,OFF,188.16,oltp_read_write,64,1000000,4,4,ON,LOGICAL_CLOCK
3GB,2,2,1,ON,1,1024,1,25,5000,48MB,4000,full,OFF,191.75,oltp_read_write,64,1000000,4,4,ON,LOGICAL_CLOCK
3GB,2,2,1,ON,1,1024,1,25,10000,48MB,4000,full,OFF,188.55,oltp_read_write,64,1000000,4,4,ON,LOGICAL_CLOCK
3GB,2,2,1,ON,1,1024,1,25,20000,48MB,4000,full,OFF,193.27,oltp_read_write,64,1000000,4,4,ON,LOGICAL_CLOCK
4GB,2,2,1,ON,1,1024,1,25,100,48MB,4000,full,OFF,190.32,oltp_read_write,64,1000000,4,4,ON,LOGICAL_CLOCK
4GB,2,2,1,ON,1,1024,1,25,5000,48MB,4000,full,OFF,190.28,oltp_read_write,64,1000000,4,4,ON,LOGICAL_CLOCK
4GB,2,2,1,ON,1,1024,1,25,10000,48MB,4000,full,OFF,187.95,oltp_read_write,64,1000000,4,4,ON,LOGICAL_CLOCK
4GB,2,2,1,ON,1,1024,1,25,20000,48MB,4000,full,OFF,188.69,oltp_read_write,64,1000000,4,4,ON,LOGICAL_CLOCK
1GB,2,2,1,ON,1,1024,1,25,100,4MB,4000,full,OFF,190.56,oltp_read_write,64,1000000,4,4,ON,LOGICAL_CLOCK
1GB,2,2,1,ON,1,1024,1,25,100,48MB,4000,full,OFF,191.07,oltp_read_write,64,1000000,4,4,ON,LOGICAL_CLOCK
1GB,2,2,1,ON,1,1024,1,25,100,512MB,4000,full,OFF,189.70,oltp_read_write,64,1000000,4,4,ON,LOGICAL_CLOCK
1GB,2,2,1,ON,1,1024,1,25,100,5GB,4000,full,OFF,188.66,oltp_read_write,64,1000000,4,4,ON,LOGICAL_CLOCK
2GB,2,2,1,ON,1,1024,1,25,100,4MB,4000,full,OFF,187.42,oltp_read_write,64,1000000,4,4,ON,LOGICAL_CLOCK
2GB,2,2,1,ON,1,1024,1,25,100,48MB,4000,full,OFF,189.65,oltp_read_write,64,1000000,4,4,ON,LOGICAL_CLOCK
2GB,2,2,1,ON,1,1024,1,25,100,512MB,4000,full,OFF,190.24,oltp_read_write,64,1000000,4,4,ON,LOGICAL_CLOCK
2GB,2,2,1,ON,1,1024,1,25,100,5GB,4000,full,OFF,190.92,oltp_read_write,64,1000000,4,4,ON,LOGICAL_CLOCK
3GB,2,2,1,ON,1,1024,1,25,100,4MB,4000,full,OFF,189.02,oltp_read_write,64,1000000,4,4,ON,LOGICAL_CLOCK
3GB,2,2,1,ON,1,1024,1,25,100,48MB,4000,full,OFF,189.70,oltp_read_write,64,1000000,4,4,ON,LOGICAL_CLOCK
3GB,2,2,1,ON,1,1024,1,25,100,512MB,4000,full,OFF,190.55,oltp_read_write,64,1000000,4,4,ON,LOGICAL_CLOCK
3GB,2,2,1,ON,1,1024,1,25,100,5GB,4000,full,OFF,188.18,oltp_read_write,64,1000000,4,4,ON,LOGICAL_CLOCK
4GB,2,2,1,ON,1,1024,1,25,100,4MB,4000,full,OFF,189.93,oltp_read_write,64,1000000,4,4,ON,LOGICAL_CLOCK
4GB,2,2,1,ON,1,1024,1,25,100,48MB,4000,full,OFF,189.93,oltp_read_write,64,1000000,4,4,ON,LOGICAL_CLOCK
4GB,2,2,1,ON,1,1024,1,25,100,512MB,4000,full,OFF,188.78,oltp_read_write,64,1000000,4,4,ON,LOGICAL_CLOCK
4GB,2,2,1,ON,1,1024,1,25,100,5GB,4000,full,OFF,190.06,oltp_read_write,64,1000000,4,4,ON,LOGICAL_CLOCK
1GB,2,2,1,ON,1,1024,1,25,100,48MB,1,full,OFF,194.48,oltp_read_write,64,1000000,4,4,ON,LOGICAL_CLOCK
1GB,2,2,1,ON,1,1024,1,25,100,48MB,1000,full,OFF,190.19,oltp_read_write,64,1000000,4,4,ON,LOGICAL_CLOCK
1GB,2,2,1,ON,1,1024,1,25,100,48MB,2000,full,OFF,192.73,oltp_read_write,64,1000000,4,4,ON,LOGICAL_CLOCK
1GB,2,2,1,ON,1,1024,1,25,100,48MB,4000,full,OFF,190.54,oltp_read_write,64,1000000,4,4,ON,LOGICAL_CLOCK
2GB,2,2,1,ON,1,1024,1,25,100,48MB,1,full,OFF,189.44,oltp_read_write,64,1000000,4,4,ON,LOGICAL_CLOCK
2GB,2,2,1,ON,1,1024,1,25,100,48MB,1000,full,OFF,189.60,oltp_read_write,64,1000000,4,4,ON,LOGICAL_CLOCK
2GB,2,2,1,ON,1,1024,1,25,100,48MB,2000,full,OFF,196.06,oltp_read_write,64,1000000,4,4,ON,LOGICAL_CLOCK
2GB,2,2,1,ON,1,1024,1,25,100,48MB,4000,full,OFF,188.93,oltp_read_write,64,1000000,4,4,ON,LOGICAL_CLOCK
3GB,2,2,1,ON,1,1024,1,25,100,48MB,1,full,OFF,189.85,oltp_read_write,64,1000000,4,4,ON,LOGICAL_CLOCK
3GB,2,2,1,ON,1,1024,1,25,100,48MB,1000,full,OFF,190.25,oltp_read_write,64,1000000,4,4,ON,LOGICAL_CLOCK
3GB,2,2,1,ON,1,1024,1,25,100,48MB,2000,full,OFF,192.08,oltp_read_write,64,1000000,4,4,ON,LOGICAL_CLOCK
3GB,2,2,1,ON,1,1024,1,25,100,48MB,4000,full,OFF,192.47,oltp_read_write,64,1000000,4,4,ON,LOGICAL_CLOCK
4GB,2,2,1,ON,1,1024,1,25,100,48MB,1,full,OFF,188.68,oltp_read_write,64,1000000,4,4,ON,LOGICAL_CLOCK
4GB,2,2,1,ON,1,1024,1,25,100,48MB,1000,full,OFF,190.50,oltp_read_write,64,1000000,4,4,ON,LOGICAL_CLOCK
4GB,2,2,1,ON,1,1024,1,25,100,48MB,2000,full,OFF,192.07,oltp_read_write,64,1000000,4,4,ON,LOGICAL_CLOCK
4GB,2,2,1,ON,1,1024,1,25,100,48MB,4000,full,OFF,187.81,oltp_read_write,64,1000000,4,4,ON,LOGICAL_CLOCK
1GB,2,2,1,ON,1,1024,1,25,100,48MB,4000,full,OFF,194.14,oltp_read_write,64,1000000,4,4,ON,LOGICAL_CLOCK
1GB,2,2,1,ON,1,1024,1,25,100,48MB,4000,minimal,OFF,190.53,oltp_read_write,64,1000000,4,4,ON,LOGICAL_CLOCK
1GB,2,2,1,ON,1,1024,1,25,100,48MB,4000,noblob,OFF,192.89,oltp_read_write,64,1000000,4,4,ON,LOGICAL_CLOCK
2GB,2,2,1,ON,1,1024,1,25,100,48MB,4000,full,OFF,192.73,oltp_read_write,64,1000000,4,4,ON,LOGICAL_CLOCK
2GB,2,2,1,ON,1,1024,1,25,100,48MB,4000,minimal,OFF,189.08,oltp_read_write,64,1000000,4,4,ON,LOGICAL_CLOCK
2GB,2,2,1,ON,1,1024,1,25,100,48MB,4000,noblob,OFF,191.47,oltp_read_write,64,1000000,4,4,ON,LOGICAL_CLOCK
3GB,2,2,1,ON,1,1024,1,25,100,48MB,4000,full,OFF,189.37,oltp_read_write,64,1000000,4,4,ON,LOGICAL_CLOCK
3GB,2,2,1,ON,1,1024,1,25,100,48MB,4000,minimal,OFF,189.07,oltp_read_write,64,1000000,4,4,ON,LOGICAL_CLOCK
3GB,2,2,1,ON,1,1024,1,25,100,48MB,4000,noblob,OFF,194.62,oltp_read_write,64,1000000,4,4,ON,LOGICAL_CLOCK
4GB,2,2,1,ON,1,1024,1,25,100,48MB,4000,full,OFF,191.22,oltp_read_write,64,1000000,4,4,ON,LOGICAL_CLOCK
4GB,2,2,1,ON,1,1024,1,25,100,48MB,4000,minimal,OFF,189.52,oltp_read_write,64,1000000,4,4,ON,LOGICAL_CLOCK
4GB,2,2,1,ON,1,1024,1,25,100,48MB,4000,noblob,OFF,192.14,oltp_read_write,64,1000000,4,4,ON,LOGICAL_CLOCK
1GB,2,2,1,ON,1,1024,1,25,100,48MB,4000,full,OFF,193.48,oltp_read_write,64,1000000,4,4,ON,LOGICAL_CLOCK
1GB,2,2,1,ON,1,1024,1,25,100,48MB,4000,full,ON,189.32,oltp_read_write,64,1000000,4,4,ON,LOGICAL_CLOCK
2GB,2,2,1,ON,1,1024,1,25,100,48MB,4000,full,OFF,192.23,oltp_read_write,64,1000000,4,4,ON,LOGICAL_CLOCK
2GB,2,2,1,ON,1,1024,1,25,100,48MB,4000,full,ON,193.31,oltp_read_write,64,1000000,4,4,ON,LOGICAL_CLOCK
3GB,2,2,1,ON,1,1024,1,25,100,48MB,4000,full,OFF,192.40,oltp_read_write,64,1000000,4,4,ON,LOGICAL_CLOCK
3GB,2,2,1,ON,1,1024,1,25,100,48MB,4000,full,ON,192.37,oltp_read_write,64,1000000,4,4,ON,LOGICAL_CLOCK
4GB,2,2,1,ON,1,1024,1,25,100,48MB,4000,full,OFF,193.67,oltp_read_write,64,1000000,4,4,ON,LOGICAL_CLOCK
4GB,2,2,1,ON,1,1024,1,25,100,48MB,4000,full,ON,189.53,oltp_read_write,64,1000000,4,4,ON,LOGICAL_CLOCK
1GB,1,1,1,ON,1,1024,1,25,100,48MB,4000,full,OFF,193.17,oltp_read_write,64,1000000,4,4,ON,LOGICAL_CLOCK
1GB,1,2,1,ON,1,1024,1,25,100,48MB,4000,full,OFF,189.63,oltp_read_write,64,1000000,4,4,ON,LOGICAL_CLOCK
1GB,1,3,1,ON,1,1024,1,25,100,48MB,4000,full,OFF,189.96,oltp_read_write,64,1000000,4,4,ON,LOGICAL_CLOCK
1GB,2,1,1,ON,1,1024,1,25,100,48MB,4000,full,OFF,192.53,oltp_read_write,64,1000000,4,4,ON,LOGICAL_CLOCK
1GB,2,2,1,ON,1,1024,1,25,100,48MB,4000,full,OFF,193.95,oltp_read_write,64,1000000,4,4,ON,LOGICAL_CLOCK
1GB,3,1,1,ON,1,1024,1,25,100,48MB,4000,full,OFF,191.71,oltp_read_write,64,1000000,4,4,ON,LOGICAL_CLOCK
1GB,1,2,0,ON,1,1024,1,25,100,48MB,4000,full,OFF,195.82,oltp_read_write,64,1000000,4,4,ON,LOGICAL_CLOCK
1GB,1,2,1,ON,1,1024,1,25,100,48MB,4000,full,OFF,191.04,oltp_read_write,64,1000000,4,4,ON,LOGICAL_CLOCK
1GB,1,2,2,ON,1,1024,1,25,100,48MB,4000,full,OFF,191.58,oltp_read_write,64,1000000,4,4,ON,LOGICAL_CLOCK
1GB,2,2,0,ON,1,1024,1,25,100,48MB,4000,full,OFF,190.35,oltp_read_write,64,1000000,4,4,ON,LOGICAL_CLOCK
1GB,2,2,1,ON,1,1024,1,25,100,48MB,4000,full,OFF,188.57,oltp_read_write,64,1000000,4,4,ON,LOGICAL_CLOCK
1GB,2,2,2,ON,1,1024,1,25,100,48MB,4000,full,OFF,191.14,oltp_read_write,64,1000000,4,4,ON,LOGICAL_CLOCK
1GB,1,2,1,ON,1,1024,1,25,100,48MB,4000,full,OFF,193.10,oltp_read_write,64,1000000,4,4,ON,LOGICAL_CLOCK
1GB,1,2,1,OFF,1,1024,1,25,100,48MB,4000,full,OFF,190.97,oltp_read_write,64,1000000,4,4,ON,LOGICAL_CLOCK
1GB,2,2,1,ON,1,1024,1,25,100,48MB,4000,full,OFF,191.10,oltp_read_write,64,1000000,4,4,ON,LOGICAL_CLOCK
1GB,2,2,1,OFF,1,1024,1,25,100,48MB,4000,full,OFF,191.73,oltp_read_write,64,1000000,4,4,ON,LOGICAL_CLOCK
1GB,1,2,1,ON,0,1024,1,25,100,48MB,4000,full,OFF,191.24,oltp_read_write,64,1000000,4,4,ON,LOGICAL_CLOCK
1GB,1,2,1,ON,1,1024,1,25,100,48MB,4000,full,OFF,190.50,oltp_read_write,64,1000000,4,4,ON,LOGICAL_CLOCK
1GB,2,2,1,ON,0,1024,1,25,100,48MB,4000,full,OFF,190.93,oltp_read_write,64,1000000,4,4,ON,LOGICAL_CLOCK
1GB,2,2,1,ON,1,1024,1,25,100,48MB,4000,full,OFF,189.91,oltp_read_write,64,1000000,4,4,ON,LOGICAL_CLOCK
1GB,1,2,1,ON,1,100,1,25,100,48MB,4000,full,OFF,191.76,oltp_read_write,64,1000000,4,4,ON,LOGICAL_CLOCK
1GB,1,2,1,ON,1,1024,1,25,100,48MB,4000,full,OFF,194.93,oltp_read_write,64,1000000,4,4,ON,LOGICAL_CLOCK
1GB,1,2,1,ON,1,5000,1,25,100,48MB,4000,full,OFF,193.55,oltp_read_write,64,1000000,4,4,ON,LOGICAL_CLOCK
1GB,1,2,1,ON,1,10000,1,25,100,48MB,4000,full,OFF,190.05,oltp_read_write,64,1000000,4,4,ON,LOGICAL_CLOCK
1GB,2,2,1,ON,1,100,1,25,100,48MB,4000,full,OFF,190.79,oltp_read_write,64,1000000,4,4,ON,LOGICAL_CLOCK
1GB,2,2,1,ON,1,1024,1,25,100,48MB,4000,full,OFF,190.34,oltp_read_write,64,1000000,4,4,ON,LOGICAL_CLOCK
1GB,2,2,1,ON,1,5000,1,25,100,48MB,4000,full,OFF,191.70,oltp_read_write,64,1000000,4,4,ON,LOGICAL_CLOCK
1GB,2,2,1,ON,1,10000,1,25,100,48MB,4000,full,OFF,193.33,oltp_read_write,64,1000000,4,4,ON,LOGICAL_CLOCK
1GB,1,2,1,ON,1,1024,1,25,100,48MB,4000,full,OFF,193.31,oltp_read_write,64,1000000,4,4,ON,LOGICAL_CLOCK
1GB,1,2,1,ON,1,1024,2,25,100,48MB,4000,full,OFF,190.17,oltp_read_write,64,1000000,4,4,ON,LOGICAL_CLOCK
1GB,1,2,1,ON,1,1024,4,25,100,48MB,4000,full,OFF,191.20,oltp_read_write,64,1000000,4,4,ON,LOGICAL_CLOCK
1GB,1,2,1,ON,1,1024,8,25,100,48MB,4000,full,OFF,189.65,oltp_read_write,64,1000000,4,4,ON,LOGICAL_CLOCK
1GB,2,2,1,ON,1,1024,1,25,100,48MB,4000,full,OFF,190.65,oltp_read_write,64,1000000,4,4,ON,LOGICAL_CLOCK
1GB,2,2,1,ON,1,1024,2,25,100,48MB,4000,full,OFF,192.49,oltp_read_write,64,1000000,4,4,ON,LOGICAL_CLOCK
1GB,2,2,1,ON,1,1024,4,25,100,48MB,4000,full,OFF,189.75,oltp_read_write,64,1000000,4,4,ON,LOGICAL_CLOCK
1GB,2,2,1,ON,1,1024,8,25,100,48MB,4000,full,OFF,192.52,oltp_read_write,64,1000000,4,4,ON,LOGICAL_CLOCK
1GB,1,2,1,ON,1,1024,1,0,100,48MB,4000,full,OFF,196.13,oltp_read_write,64,1000000,4,4,ON,LOGICAL_CLOCK
1GB,1,2,1,ON,1,1024,1,10,100,48MB,4000,full,OFF,191.98,oltp_read_write,64,1000000,4,4,ON,LOGICAL_CLOCK
1GB,1,2,1,ON,1,1024,1,25,100,48MB,4000,full,OFF,193.30,oltp_read_write,64,1000000,4,4,ON,LOGICAL_CLOCK
1GB,1,2,1,ON,1,1024,1,50,100,48MB,4000,full,OFF,189.35,oltp_read_write,64,1000000,4,4,ON,LOGICAL_CLOCK
1GB,2,2,1,ON,1,1024,1,0,100,48MB,4000,full,OFF,195.47,oltp_read_write,64,1000000,4,4,ON,LOGICAL_CLOCK
1GB,2,2,1,ON,1,1024,1,10,100,48MB,4000,full,OFF,191.46,oltp_read_write,64,1000000,4,4,ON,LOGICAL_CLOCK
1GB,2,2,1,ON,1,1024,1,25,100,48MB,4000,full,OFF,191.24,oltp_read_write,64,1000000,4,4,ON,LOGICAL_CLOCK
1GB,2,2,1,ON,1,1024,1,50,100,48MB,4000,full,OFF,193.58,oltp_read_write,64,1000000,4,4,ON,LOGICAL_CLOCK
1GB,1,2,1,ON,1,1024,1,25,100,48MB,4000,full,OFF,191.63,oltp_read_write,64,1000000,4,4,ON,LOGICAL_CLOCK
1GB,1,2,1,ON,1,1024,1,25,5000,48MB,4000,full,OFF,191.32,oltp_read_write,64,1000000,4,4,ON,LOGICAL_CLOCK
1GB,1,2,1,ON,1,1024,1,25,10000,48MB,4000,full,OFF,192.65,oltp_read_write,64,1000000,4,4,ON,LOGICAL_CLOCK
1GB,1,2,1,ON,1,1024,1,25,20000,48MB,4000,full,OFF,190.88,oltp_read_write,64,1000000,4,4,ON,LOGICAL_CLOCK
1GB,2,2,1,ON,1,1024,1,25,100,48MB,4000,full,OFF,196.50,oltp_read_write,64,1000000,4,4,ON,LOGICAL_CLOCK
1GB,2,2,1,ON,1,1024,1,25,5000,48MB,4000,full,OFF,192.03,oltp_read_write,64,1000000,4,4,ON,LOGICAL_CLOCK
1GB,2,2,1,ON,1,1024,1,25,10000,48MB,4000,full,OFF,195.09,oltp_read_write,64,1000000,4,4,ON,LOGICAL_CLOCK
1GB,2,2,1,ON,1,1024,1,25,20000,48MB,4000,full,OFF,192.92,oltp_read_write,64,1000000,4,4,ON,LOGICAL_CLOCK
1GB,1,2,1,ON,1,1024,1,25,100,4MB,4000,full,OFF,191.37,oltp_read_write,64,1000000,4,4,ON,LOGICAL_CLOCK
1GB,1,2,1,ON,1,1024,1,25,100,48MB,4000,full,OFF,193.47,oltp_read_write,64,1000000,4,4,ON,LOGICAL_CLOCK
1GB,1,2,1,ON,1,1024,1,25,100,512MB,4000,full,OFF,193.31,oltp_read_write,64,1000000,4,4,ON,LOGICAL_CLOCK
1GB,1,2,1,ON,1,1024,1,25,100,5GB,4000,full,OFF,193.56,oltp_read_write,64,1000000,4,4,ON,LOGICAL_CLOCK
1GB,2,2,1,ON,1,1024,1,25,100,4MB,4000,full,OFF,191.53,oltp_read_write,64,1000000,4,4,ON,LOGICAL_CLOCK
1GB,2,2,1,ON,1,1024,1,25,100,48MB,4000,full,OFF,192.94,oltp_read_write,64,1000000,4,4,ON,LOGICAL_CLOCK
1GB,2,2,1,ON,1,1024,1,25,100,512MB,4000,full,OFF,195.23,oltp_read_write,64,1000000,4,4,ON,LOGICAL_CLOCK
1GB,2,2,1,ON,1,1024,1,25,100,5GB,4000,full,OFF,195.49,oltp_read_write,64,1000000,4,4,ON,LOGICAL_CLOCK
1GB,1,2,1,ON,1,1024,1,25,100,48MB,1,full,OFF,191.12,oltp_read_write,64,1000000,4,4,ON,LOGICAL_CLOCK
1GB,1,2,1,ON,1,1024,1,25,100,48MB,1000,full,OFF,193.36,oltp_read_write,64,1000000,4,4,ON,LOGICAL_CLOCK
1GB,1,2,1,ON,1,1024,1,25,100,48MB,2000,full,OFF,198.73,oltp_read_write,64,1000000,4,4,ON,LOGICAL_CLOCK
1GB,1,2,1,ON,1,1024,1,25,100,48MB,4000,full,OFF,195.69,oltp_read_write,64,1000000,4,4,ON,LOGICAL_CLOCK
1GB,2,2,1,ON,1,1024,1,25,100,48MB,1,full,OFF,192.43,oltp_read_write,64,1000000,4,4,ON,LOGICAL_CLOCK
1GB,2,2,1,ON,1,1024,1,25,100,48MB,1000,full,OFF,194.31,oltp_read_write,64,1000000,4,4,ON,LOGICAL_CLOCK
1GB,2,2,1,ON,1,1024,1,25,100,48MB,2000,full,OFF,195.57,oltp_read_write,64,1000000,4,4,ON,LOGICAL_CLOCK
1GB,2,2,1,ON,1,1024,1,25,100,48MB,4000,full,OFF,192.37,oltp_read_write,64,1000000,4,4,ON,LOGICAL_CLOCK
1GB,1,2,1,ON,1,1024,1,25,100,48MB,4000,full,OFF,191.25,oltp_read_write,64,1000000,4,4,ON,LOGICAL_CLOCK
1GB,1,2,1,ON,1,1024,1,25,100,48MB,4000,minimal,OFF,193.15,oltp_read_write,64,1000000,4,4,ON,LOGICAL_CLOCK
1GB,1,2,1,ON,1,1024,1,25,100,48MB,4000,noblob,OFF,196.19,oltp_read_write,64,1000000,4,4,ON,LOGICAL_CLOCK
1GB,2,2,1,ON,1,1024,1,25,100,48MB,4000,full,OFF,194.05,oltp_read_write,64,1000000,4,4,ON,LOGICAL_CLOCK
1GB,2,2,1,ON,1,1024,1,25,100,48MB,4000,minimal,OFF,192.05,oltp_read_write,64,1000000,4,4,ON,LOGICAL_CLOCK
1GB,2,2,1,ON,1,1024,1,25,100,48MB,4000,noblob,OFF,195.17,oltp_read_write,64,1000000,4,4,ON,LOGICAL_CLOCK
1GB,1,2,1,ON,1,1024,1,25,100,48MB,4000,full,OFF,193.40,oltp_read_write,64,1000000,4,4,ON,LOGICAL_CLOCK
1GB,1,2,1,ON,1,1024,1,25,100,48MB,4000,full,ON,196.06,oltp_read_write,64,1000000,4,4,ON,LOGICAL_CLOCK
1GB,2,2,1,ON,1,1024,1,25,100,48MB,4000,full,OFF,190.95,oltp_read_write,64,1000000,4,4,ON,LOGICAL_CLOCK
1GB,2,2,1,ON,1,1024,1,25,100,48MB,4000,full,ON,194.66,oltp_read_write,64,1000000,4,4,ON,LOGICAL_CLOCK
1GB,2,1,0,ON,1,1024,1,25,100,48MB,4000,full,OFF,195.34,oltp_read_write,64,1000000,4,4,ON,LOGICAL_CLOCK
1GB,2,1,1,ON,1,1024,1,25,100,48MB,4000,full,OFF,191.92,oltp_read_write,64,1000000,4,4,ON,LOGICAL_CLOCK
1GB,2,1,2,ON,1,1024,1,25,100,48MB,4000,full,OFF,192.60,oltp_read_write,64,1000000,4,4,ON,LOGICAL_CLOCK
1GB,2,2,0,ON,1,1024,1,25,100,48MB,4000,full,OFF,193.69,oltp_read_write,64,1000000,4,4,ON,LOGICAL_CLOCK
1GB,2,2,1,ON,1,1024,1,25,100,48MB,4000,full,OFF,192.40,oltp_read_write,64,1000000,4,4,ON,LOGICAL_CLOCK
1GB,2,2,2,ON,1,1024,1,25,100,48MB,4000,full,OFF,192.36,oltp_read_write,64,1000000,4,4,ON,LOGICAL_CLOCK
1GB,2,1,1,ON,1,1024,1,25,100,48MB,4000,full,OFF,191.55,oltp_read_write,64,1000000,4,4,ON,LOGICAL_CLOCK
1GB,2,1,1,OFF,1,1024,1,25,100,48MB,4000,full,OFF,192.95,oltp_read_write,64,1000000,4,4,ON,LOGICAL_CLOCK
1GB,2,2,1,ON,1,1024,1,25,100,48MB,4000,full,OFF,193.14,oltp_read_write,64,1000000,4,4,ON,LOGICAL_CLOCK
1GB,2,2,1,OFF,1,1024,1,25,100,48MB,4000,full,OFF,192.17,oltp_read_write,64,1000000,4,4,ON,LOGICAL_CLOCK
1GB,2,1,1,ON,0,1024,1,25,100,48MB,4000,full,OFF,191.89,oltp_read_write,64,1000000,4,4,ON,LOGICAL_CLOCK
1GB,2,1,1,ON,1,1024,1,25,100,48MB,4000,full,OFF,193.85,oltp_read_write,64,1000000,4,4,ON,LOGICAL_CLOCK
1GB,2,2,1,ON,0,1024,1,25,100,48MB,4000,full,OFF,195.42,oltp_read_write,64,1000000,4,4,ON,LOGICAL_CLOCK
1GB,2,2,1,ON,1,1024,1,25,100,48MB,4000,full,OFF,190.91,oltp_read_write,64,1000000,4,4,ON,LOGICAL_CLOCK
1GB,2,1,1,ON,1,100,1,25,100,48MB,4000,full,OFF,193.06,oltp_read_write,64,1000000,4,4,ON,LOGICAL_CLOCK
1GB,2,1,1,ON,1,1024,1,25,100,48MB,4000,full,OFF,192.86,oltp_read_write,64,1000000,4,4,ON,LOGICAL_CLOCK
1GB,2,1,1,ON,1,5000,1,25,100,48MB,4000,full,OFF,192.05,oltp_read_write,64,1000000,4,4,ON,LOGICAL_CLOCK
1GB,2,1,1,ON,1,10000,1,25,100,48MB,4000,full,OFF,193.00,oltp_read_write,64,1000000,4,4,ON,LOGICAL_CLOCK
1GB,2,2,1,ON,1,100,1,25,100,48MB,4000,full,OFF,196.12,oltp_read_write,64,1000000,4,4,ON,LOGICAL_CLOCK
1GB,2,2,1,ON,1,1024,1,25,100,48MB,4000,full,OFF,195.32,oltp_read_write,64,1000000,4,4,ON,LOGICAL_CLOCK
1GB,2,2,1,ON,1,5000,1,25,100,48MB,4000,full,OFF,192.69,oltp_read_write,64,1000000,4,4,ON,LOGICAL_CLOCK
1GB,2,2,1,ON,1,10000,1,25,100,48MB,4000,full,OFF,193.63,oltp_read_write,64,1000000,4,4,ON,LOGICAL_CLOCK
1GB,2,1,1,ON,1,1024,1,25,100,48MB,4000,full,OFF,194.27,oltp_read_write,64,1000000,4,4,ON,LOGICAL_CLOCK
1GB,2,1,1,ON,1,1024,2,25,100,48MB,4000,full,OFF,191.91,oltp_read_write,64,1000000,4,4,ON,LOGICAL_CLOCK
1GB,2,1,1,ON,1,1024,4,25,100,48MB,4000,full,OFF,192.29,oltp_read_write,64,1000000,4,4,ON,LOGICAL_CLOCK
1GB,2,1,1,ON,1,1024,8,25,100,48MB,4000,full,OFF,191.64,oltp_read_write,64,1000000,4,4,ON,LOGICAL_CLOCK
1GB,2,2,1,ON,1,1024,1,25,100,48MB,4000,full,OFF,192.27,oltp_read_write,64,1000000,4,4,ON,LOGICAL_CLOCK
1GB,2,2,1,ON,1,1024,2,25,100,48MB,4000,full,OFF,191.89,oltp_read_write,64,1000000,4,4,ON,LOGICAL_CLOCK
1GB,2,2,1,ON,1,1024,4,25,100,48MB,4000,full,OFF,191.61,oltp_read_write,64,1000000,4,4,ON,LOGICAL_CLOCK
1GB,2,2,1,ON,1,1024,8,25,100,48MB,4000,full,OFF,190.75,oltp_read_write,64,1000000,4,4,ON,LOGICAL_CLOCK
1GB,2,1,1,ON,1,1024,1,0,100,48MB,4000,full,OFF,192.35,oltp_read_write,64,1000000,4,4,ON,LOGICAL_CLOCK
1GB,2,1,1,ON,1,1024,1,10,100,48MB,4000,full,OFF,193.57,oltp_read_write,64,1000000,4,4,ON,LOGICAL_CLOCK
1GB,2,1,1,ON,1,1024,1,25,100,48MB,4000,full,OFF,192.79,oltp_read_write,64,1000000,4,4,ON,LOGICAL_CLOCK
1GB,2,1,1,ON,1,1024,1,50,100,48MB,4000,full,OFF,192.48,oltp_read_write,64,1000000,4,4,ON,LOGICAL_CLOCK
1GB,2,2,1,ON,1,1024,1,0,100,48MB,4000,full,OFF,193.88,oltp_read_write,64,1000000,4,4,ON,LOGICAL_CLOCK
1GB,2,2,1,ON,1,1024,1,10,100,48MB,4000,full,OFF,193.88,oltp_read_write,64,1000000,4,4,ON,LOGICAL_CLOCK
1GB,2,2,1,ON,1,1024,1,25,100,48MB,4000,full,OFF,194.81,oltp_read_write,64,1000000,4,4,ON,LOGICAL_CLOCK
1GB,2,2,1,ON,1,1024,1,50,100,48MB,4000,full,OFF,192.03,oltp_read_write,64,1000000,4,4,ON,LOGICAL_CLOCK
1GB,2,1,1,ON,1,1024,1,25,100,48MB,4000,full,OFF,193.68,oltp_read_write,64,1000000,4,4,ON,LOGICAL_CLOCK
1GB,2,1,1,ON,1,1024,1,25,5000,48MB,4000,full,OFF,193.41,oltp_read_write,64,1000000,4,4,ON,LOGICAL_CLOCK
1GB,2,1,1,ON,1,1024,1,25,10000,48MB,4000,full,OFF,194.19,oltp_read_write,64,1000000,4,4,ON,LOGICAL_CLOCK
1GB,2,1,1,ON,1,1024,1,25,20000,48MB,4000,full,OFF,195.33,oltp_read_write,64,1000000,4,4,ON,LOGICAL_CLOCK
1GB,2,2,1,ON,1,1024,1,25,100,48MB,4000,full,OFF,193.88,oltp_read_write,64,1000000,4,4,ON,LOGICAL_CLOCK
1GB,2,2,1,ON,1,1024,1,25,5000,48MB,4000,full,OFF,192.68,oltp_read_write,64,1000000,4,4,ON,LOGICAL_CLOCK
1GB,2,2,1,ON,1,1024,1,25,10000,48MB,4000,full,OFF,196.28,oltp_read_write,64,1000000,4,4,ON,LOGICAL_CLOCK
1GB,2,2,1,ON,1,1024,1,25,20000,48MB,4000,full,OFF,194.70,oltp_read_write,64,1000000,4,4,ON,LOGICAL_CLOCK
1GB,2,1,1,ON,1,1024,1,25,100,4MB,4000,full,OFF,195.16,oltp_read_write,64,1000000,4,4,ON,LOGICAL_CLOCK
1GB,2,1,1,ON,1,1024,1,25,100,48MB,4000,full,OFF,193.00,oltp_read_write,64,1000000,4,4,ON,LOGICAL_CLOCK
1GB,2,1,1,ON,1,1024,1,25,100,512MB,4000,full,OFF,192.38,oltp_read_write,64,1000000,4,4,ON,LOGICAL_CLOCK
1GB,2,1,1,ON,1,1024,1,25,100,5GB,4000,full,OFF,192.06,oltp_read_write,64,1000000,4,4,ON,LOGICAL_CLOCK
1GB,2,2,1,ON,1,1024,1,25,100,4MB,4000,full,OFF,193.69,oltp_read_write,64,1000000,4,4,ON,LOGICAL_CLOCK
1GB,2,2,1,ON,1,1024,1,25,100,48MB,4000,full,OFF,192.90,oltp_read_write,64,1000000,4,4,ON,LOGICAL_CLOCK
1GB,2,2,1,ON,1,1024,1,25,100,512MB,4000,full,OFF,193.29,oltp_read_write,64,1000000,4,4,ON,LOGICAL_CLOCK
1GB,2,2,1,ON,1,1024,1,25,100,5GB,4000,full,OFF,195.45,oltp_read_write,64,1000000,4,4,ON,LOGICAL_CLOCK
1GB,2,1,1,ON,1,1024,1,25,100,48MB,1,full,OFF,192.26,oltp_read_write,64,1000000,4,4,ON,LOGICAL_CLOCK
1GB,2,1,1,ON,1,1024,1,25,100,48MB,1000,full,OFF,198.40,oltp_read_write,64,1000000,4,4,ON,LOGICAL_CLOCK
1GB,2,1,1,ON,1,1024,1,25,100,48MB,2000,full,OFF,191.69,oltp_read_write,64,1000000,4,4,ON,LOGICAL_CLOCK
1GB,2,1,1,ON,1,1024,1,25,100,48MB,4000,full,OFF,197.56,oltp_read_write,64,1000000,4,4,ON,LOGICAL_CLOCK
1GB,2,2,1,ON,1,1024,1,25,100,48MB,1,full,OFF,193.32,oltp_read_write,64,1000000,4,4,ON,LOGICAL_CLOCK
1GB,2,2,1,ON,1,1024,1,25,100,48MB,1000,full,OFF,192.19,oltp_read_write,64,1000000,4,4,ON,LOGICAL_CLOCK
1GB,2,2,1,ON,1,1024,1,25,100,48MB,2000,full,OFF,195.78,oltp_read_write,64,1000000,4,4,ON,LOGICAL_CLOCK
1GB,2,2,1,ON,1,1024,1,25,100,48MB,4000,full,OFF,194.31,oltp_read_write,64,1000000,4,4,ON,LOGICAL_CLOCK
1GB,2,1,1,ON,1,1024,1,25,100,48MB,4000,full,OFF,195.91,oltp_read_write,64,1000000,4,4,ON,LOGICAL_CLOCK
1GB,2,1,1,ON,1,1024,1,25,100,48MB,4000,minimal,OFF,191.86,oltp_read_write,64,1000000,4,4,ON,LOGICAL_CLOCK
1GB,2,1,1,ON,1,1024,1,25,100,48MB,4000,noblob,OFF,193.67,oltp_read_write,64,1000000,4,4,ON,LOGICAL_CLOCK
1GB,2,2,1,ON,1,1024,1,25,100,48MB,4000,full,OFF,193.02,oltp_read_write,64,1000000,4,4,ON,LOGICAL_CLOCK
1GB,2,2,1,ON,1,1024,1,25,100,48MB,4000,minimal,OFF,194.22,oltp_read_write,64,1000000,4,4,ON,LOGICAL_CLOCK
1GB,2,2,1,ON,1,1024,1,25,100,48MB,4000,noblob,OFF,194.62,oltp_read_write,64,1000000,4,4,ON,LOGICAL_CLOCK
1GB,2,1,1,ON,1,1024,1,25,100,48MB,4000,full,OFF,190.78,oltp_read_write,64,1000000,4,4,ON,LOGICAL_CLOCK
1GB,2,1,1,ON,1,1024,1,25,100,48MB,4000,full,ON,193.87,oltp_read_write,64,1000000,4,4,ON,LOGICAL_CLOCK
1GB,2,2,1,ON,1,1024,1,25,100,48MB,4000,full,OFF,195.97,oltp_read_write,64,1000000,4,4,ON,LOGICAL_CLOCK
1GB,2,2,1,ON,1,1024,1,25,100,48MB,4000,full,ON,194.11,oltp_read_write,64,1000000,4,4,ON,LOGICAL_CLOCK
1GB,2,2,0,ON,1,1024,1,25,100,48MB,4000,full,OFF,204.83,oltp_read_write,64,1000000,4,4,ON,LOGICAL_CLOCK
1GB,2,2,0,OFF,1,1024,1,25,100,48MB,4000,full,OFF,207.86,oltp_read_write,64,1000000,4,4,ON,LOGICAL_CLOCK
1GB,2,2,1,ON,1,1024,1,25,100,48MB,4000,full,OFF,196.50,oltp_read_write,64,1000000,4,4,ON,LOGICAL_CLOCK
1GB,2,2,1,OFF,1,1024,1,25,100,48MB,4000,full,OFF,195.68,oltp_read_write,64,1000000,4,4,ON,LOGICAL_CLOCK
1GB,2,2,2,ON,1,1024,1,25,100,48MB,4000,full,OFF,209.40,oltp_read_write,64,1000000,4,4,ON,LOGICAL_CLOCK
1GB,2,2,2,OFF,1,1024,1,25,100,48MB,4000,full,OFF,213.53,oltp_read_write,64,1000000,4,4,ON,LOGICAL_CLOCK
1GB,2,2,0,ON,0,1024,1,25,100,48MB,4000,full,OFF,215.13,oltp_read_write,64,1000000,4,4,ON,LOGICAL_CLOCK
1GB,2,2,0,ON,1,1024,1,25,100,48MB,4000,full,OFF,212.26,oltp_read_write,64,1000000,4,4,ON,LOGICAL_CLOCK
1GB,2,2,1,ON,0,1024,1,25,100,48MB,4000,full,OFF,201.43,oltp_read_write,64,1000000,4,4,ON,LOGICAL_CLOCK
1GB,2,2,1,ON,1,1024,1,25,100,48MB,4000,full,OFF,197.68,oltp_read_write,64,1000000,4,4,ON,LOGICAL_CLOCK
1GB,2,2,2,ON,0,1024,1,25,100,48MB,4000,full,OFF,219.30,oltp_read_write,64,1000000,4,4,ON,LOGICAL_CLOCK
1GB,2,2,2,ON,1,1024,1,25,100,48MB,4000,full,OFF,210.01,oltp_read_write,64,1000000,4,4,ON,LOGICAL_CLOCK
1GB,2,2,0,ON,1,100,1,25,100,48MB,4000,full,OFF,192.54,oltp_read_write,64,1000000,4,4,ON,LOGICAL_CLOCK
1GB,2,2,0,ON,1,1024,1,25,100,48MB,4000,full,OFF,206.06,oltp_read_write,64,1000000,4,4,ON,LOGICAL_CLOCK
1GB,2,2,0,ON,1,5000,1,25,100,48MB,4000,full,OFF,188.22,oltp_read_write,64,1000000,4,4,ON,LOGICAL_CLOCK
1GB,2,2,0,ON,1,10000,1,25,100,48MB,4000,full,OFF,159.41,oltp_read_write,64,1000000,4,4,ON,LOGICAL_CLOCK
1GB,2,2,1,ON,1,100,1,25,100,48MB,4000,full,OFF,177.33,oltp_read_write,64,1000000,4,4,ON,LOGICAL_CLOCK
1GB,2,2,1,ON,1,1024,1,25,100,48MB,4000,full,OFF,196.24,oltp_read_write,64,1000000,4,4,ON,LOGICAL_CLOCK
1GB,2,2,1,ON,1,5000,1,25,100,48MB,4000,full,OFF,173.85,oltp_read_write,64,1000000,4,4,ON,LOGICAL_CLOCK
1GB,2,2,1,ON,1,10000,1,25,100,48MB,4000,full,OFF,147.69,oltp_read_write,64,1000000,4,4,ON,LOGICAL_CLOCK
1GB,2,2,2,ON,1,100,1,25,100,48MB,4000,full,OFF,189.21,oltp_read_write,64,1000000,4,4,ON,LOGICAL_CLOCK
1GB,2,2,2,ON,1,1024,1,25,100,48MB,4000,full,OFF,213.47,oltp_read_write,64,1000000,4,4,ON,LOGICAL_CLOCK
1GB,2,2,2,ON,1,5000,1,25,100,48MB,4000,full,OFF,183.86,oltp_read_write,64,1000000,4,4,ON,LOGICAL_CLOCK
1GB,2,2,2,ON,1,10000,1,25,100,48MB,4000,full,OFF,160.35,oltp_read_write,64,1000000,4,4,ON,LOGICAL_CLOCK
1GB,2,2,0,ON,1,1024,1,25,100,48MB,4000,full,OFF,193.26,oltp_read_write,64,1000000,4,4,ON,LOGICAL_CLOCK
1GB,2,2,0,ON,1,1024,2,25,100,48MB,4000,full,OFF,195.61,oltp_read_write,64,1000000,4,4,ON,LOGICAL_CLOCK
1GB,2,2,0,ON,1,1024,4,25,100,48MB,4000,full,OFF,192.53,oltp_read_write,64,1000000,4,4,ON,LOGICAL_CLOCK
1GB,2,2,0,ON,1,1024,8,25,100,48MB,4000,full,OFF,193.84,oltp_read_write,64,1000000,4,4,ON,LOGICAL_CLOCK
1GB,2,2,1,ON,1,1024,1,25,100,48MB,4000,full,OFF,192.91,oltp_read_write,64,1000000,4,4,ON,LOGICAL_CLOCK
1GB,2,2,1,ON,1,1024,2,25,100,48MB,4000,full,OFF,196.64,oltp_read_write,64,1000000,4,4,ON,LOGICAL_CLOCK
1GB,2,2,1,ON,1,1024,4,25,100,48MB,4000,full,OFF,195.08,oltp_read_write,64,1000000,4,4,ON,LOGICAL_CLOCK
1GB,2,2,1,ON,1,1024,8,25,100,48MB,4000,full,OFF,196.72,oltp_read_write,64,1000000,4,4,ON,LOGICAL_CLOCK
1GB,2,2,2,ON,1,1024,1,25,100,48MB,4000,full,OFF,193.35,oltp_read_write,64,1000000,4,4,ON,LOGICAL_CLOCK
1GB,2,2,2,ON,1,1024,2,25,100,48MB,4000,full,OFF,194.62,oltp_read_write,64,1000000,4,4,ON,LOGICAL_CLOCK
1GB,2,2,2,ON,1,1024,4,25,100,48MB,4000,full,OFF,194.91,oltp_read_write,64,1000000,4,4,ON,LOGICAL_CLOCK
1GB,2,2,2,ON,1,1024,8,25,100,48MB,4000,full,OFF,194.69,oltp_read_write,64,1000000,4,4,ON,LOGICAL_CLOCK
1GB,2,2,0,ON,1,1024,1,0,100,48MB,4000,full,OFF,192.13,oltp_read_write,64,1000000,4,4,ON,LOGICAL_CLOCK
1GB,2,2,0,ON,1,1024,1,10,100,48MB,4000,full,OFF,208.22,oltp_read_write,64,1000000,4,4,ON,LOGICAL_CLOCK
1GB,2,2,0,ON,1,1024,1,25,100,48MB,4000,full,OFF,216.67,oltp_read_write,64,1000000,4,4,ON,LOGICAL_CLOCK
1GB,2,2,0,ON,1,1024,1,50,100,48MB,4000,full,OFF,218.11,oltp_read_write,64,1000000,4,4,ON,LOGICAL_CLOCK
1GB,2,2,1,ON,1,1024,1,0,100,48MB,4000,full,OFF,186.36,oltp_read_write,64,1000000,4,4,ON,LOGICAL_CLOCK
1GB,2,2,1,ON,1,1024,1,10,100,48MB,4000,full,OFF,199.64,oltp_read_write,64,1000000,4,4,ON,LOGICAL_CLOCK
1GB,2,2,1,ON,1,1024,1,25,100,48MB,4000,full,OFF,201.34,oltp_read_write,64,1000000,4,4,ON,LOGICAL_CLOCK
1GB,2,2,1,ON,1,1024,1,50,100,48MB,4000,full,OFF,200.80,oltp_read_write,64,1000000,4,4,ON,LOGICAL_CLOCK
1GB,2,2,2,ON,1,1024,1,0,100,48MB,4000,full,OFF,193.65,oltp_read_write,64,1000000,4,4,ON,LOGICAL_CLOCK
1GB,2,2,2,ON,1,1024,1,10,100,48MB,4000,full,OFF,212.42,oltp_read_write,64,1000000,4,4,ON,LOGICAL_CLOCK
1GB,2,2,2,ON,1,1024,1,25,100,48MB,4000,full,OFF,213.74,oltp_read_write,64,1000000,4,4,ON,LOGICAL_CLOCK
1GB,2,2,2,ON,1,1024,1,50,100,48MB,4000,full,OFF,208.64,oltp_read_write,64,1000000,4,4,ON,LOGICAL_CLOCK
1GB,2,2,0,ON,1,1024,1,25,100,48MB,4000,full,OFF,203.52,oltp_read_write,64,1000000,4,4,ON,LOGICAL_CLOCK
1GB,2,2,0,ON,1,1024,1,25,5000,48MB,4000,full,OFF,202.96,oltp_read_write,64,1000000,4,4,ON,LOGICAL_CLOCK
1GB,2,2,0,ON,1,1024,1,25,10000,48MB,4000,full,OFF,203.32,oltp_read_write,64,1000000,4,4,ON,LOGICAL_CLOCK
1GB,2,2,0,ON,1,1024,1,25,20000,48MB,4000,full,OFF,203.19,oltp_read_write,64,1000000,4,4,ON,LOGICAL_CLOCK
1GB,2,2,1,ON,1,1024,1,25,100,48MB,4000,full,OFF,191.65,oltp_read_write,64,1000000,4,4,ON,LOGICAL_CLOCK
1GB,2,2,1,ON,1,1024,1,25,5000,48MB,4000,full,OFF,189.91,oltp_read_write,64,1000000,4,4,ON,LOGICAL_CLOCK
1GB,2,2,1,ON,1,1024,1,25,10000,48MB,4000,full,OFF,189.88,oltp_read_write,64,1000000,4,4,ON,LOGICAL_CLOCK
1GB,2,2,1,ON,1,1024,1,25,20000,48MB,4000,full,OFF,190.18,oltp_read_write,64,1000000,4,4,ON,LOGICAL_CLOCK
1GB,2,2,2,ON,1,1024,1,25,100,48MB,4000,full,OFF,206.69,oltp_read_write,64,1000000,4,4,ON,LOGICAL_CLOCK
1GB,2,2,2,ON,1,1024,1,25,5000,48MB,4000,full,OFF,207.21,oltp_read_write,64,1000000,4,4,ON,LOGICAL_CLOCK
1GB,2,2,2,ON,1,1024,1,25,10000,48MB,4000,full,OFF,205.80,oltp_read_write,64,1000000,4,4,ON,LOGICAL_CLOCK
1GB,2,2,2,ON,1,1024,1,25,20000,48MB,4000,full,OFF,202.36,oltp_read_write,64,1000000,4,4,ON,LOGICAL_CLOCK
1GB,2,2,0,ON,1,1024,1,25,100,4MB,4000,full,OFF,197.88,oltp_read_write,64,1000000,4,4,ON,LOGICAL_CLOCK
1GB,2,2,0,ON,1,1024,1,25,100,48MB,4000,full,OFF,197.55,oltp_read_write,64,1000000,4,4,ON,LOGICAL_CLOCK
1GB,2,2,0,ON,1,1024,1,25,100,512MB,4000,full,OFF,195.51,oltp_read_write,64,1000000,4,4,ON,LOGICAL_CLOCK
1GB,2,2,0,ON,1,1024,1,25,100,5GB,4000,full,OFF,195.93,oltp_read_write,64,1000000,4,4,ON,LOGICAL_CLOCK
1GB,2,2,1,ON,1,1024,1,25,100,4MB,4000,full,OFF,195.80,oltp_read_write,64,1000000,4,4,ON,LOGICAL_CLOCK
1GB,2,2,1,ON,1,1024,1,25,100,48MB,4000,full,OFF,196.43,oltp_read_write,64,1000000,4,4,ON,LOGICAL_CLOCK
1GB,2,2,1,ON,1,1024,1,25,100,512MB,4000,full,OFF,192.41,oltp_read_write,64,1000000,4,4,ON,LOGICAL_CLOCK
1GB,2,2,1,ON,1,1024,1,25,100,5GB,4000,full,OFF,195.20,oltp_read_write,64,1000000,4,4,ON,LOGICAL_CLOCK
1GB,2,2,2,ON,1,1024,1,25,100,4MB,4000,full,OFF,194.36,oltp_read_write,64,1000000,4,4,ON,LOGICAL_CLOCK
1GB,2,2,2,ON,1,1024,1,25,100,48MB,4000,full,OFF,197.06,oltp_read_write,64,1000000,4,4,ON,LOGICAL_CLOCK
1GB,2,2,2,ON,1,1024,1,25,100,512MB,4000,full,OFF,195.64,oltp_read_write,64,1000000,4,4,ON,LOGICAL_CLOCK
1GB,2,2,2,ON,1,1024,1,25,100,5GB,4000,full,OFF,197.36,oltp_read_write,64,1000000,4,4,ON,LOGICAL_CLOCK
1GB,2,2,0,ON,1,1024,1,25,100,48MB,1,full,OFF,172.40,oltp_read_write,64,1000000,4,4,ON,LOGICAL_CLOCK
1GB,2,2,0,ON,1,1024,1,25,100,48MB,1000,full,OFF,207.85,oltp_read_write,64,1000000,4,4,ON,LOGICAL_CLOCK
1GB,2,2,0,ON,1,1024,1,25,100,48MB,2000,full,OFF,210.15,oltp_read_write,64,1000000,4,4,ON,LOGICAL_CLOCK
1GB,2,2,0,ON,1,1024,1,25,100,48MB,4000,full,OFF,212.14,oltp_read_write,64,1000000,4,4,ON,LOGICAL_CLOCK
1GB,2,2,1,ON,1,1024,1,25,100,48MB,1,full,OFF,184.25,oltp_read_write,64,1000000,4,4,ON,LOGICAL_CLOCK
1GB,2,2,1,ON,1,1024,1,25,100,48MB,1000,full,OFF,197.17,oltp_read_write,64,1000000,4,4,ON,LOGICAL_CLOCK
1GB,2,2,1,ON,1,1024,1,25,100,48MB,2000,full,OFF,200.31,oltp_read_write,64,1000000,4,4,ON,LOGICAL_CLOCK
1GB,2,2,1,ON,1,1024,1,25,100,48MB,4000,full,OFF,194.61,oltp_read_write,64,1000000,4,4,ON,LOGICAL_CLOCK
1GB,2,2,2,ON,1,1024,1,25,100,48MB,1,full,OFF,193.79,oltp_read_write,64,1000000,4,4,ON,LOGICAL_CLOCK
1GB,2,2,2,ON,1,1024,1,25,100,48MB,1000,full,OFF,215.03,oltp_read_write,64,1000000,4,4,ON,LOGICAL_CLOCK
1GB,2,2,2,ON,1,1024,1,25,100,48MB,2000,full,OFF,207.91,oltp_read_write,64,1000000,4,4,ON,LOGICAL_CLOCK
1GB,2,2,2,ON,1,1024,1,25,100,48MB,4000,full,OFF,213.08,oltp_read_write,64,1000000,4,4,ON,LOGICAL_CLOCK
1GB,2,2,0,ON,1,1024,1,25,100,48MB,4000,full,OFF,203.76,oltp_read_write,64,1000000,4,4,ON,LOGICAL_CLOCK
1GB,2,2,0,ON,1,1024,1,25,100,48MB,4000,minimal,OFF,206.96,oltp_read_write,64,1000000,4,4,ON,LOGICAL_CLOCK
1GB,2,2,0,ON,1,1024,1,25,100,48MB,4000,noblob,OFF,204.49,oltp_read_write,64,1000000,4,4,ON,LOGICAL_CLOCK
1GB,2,2,1,ON,1,1024,1,25,100,48MB,4000,full,OFF,193.20,oltp_read_write,64,1000000,4,4,ON,LOGICAL_CLOCK
1GB,2,2,1,ON,1,1024,1,25,100,48MB,4000,minimal,OFF,195.08,oltp_read_write,64,1000000,4,4,ON,LOGICAL_CLOCK
1GB,2,2,1,ON,1,1024,1,25,100,48MB,4000,noblob,OFF,195.96,oltp_read_write,64,1000000,4,4,ON,LOGICAL_CLOCK
1GB,2,2,2,ON,1,1024,1,25,100,48MB,4000,full,OFF,205.06,oltp_read_write,64,1000000,4,4,ON,LOGICAL_CLOCK
1GB,2,2,2,ON,1,1024,1,25,100,48MB,4000,minimal,OFF,213.06,oltp_read_write,64,1000000,4,4,ON,LOGICAL_CLOCK
1GB,2,2,2,ON,1,1024,1,25,100,48MB,4000,noblob,OFF,205.86,oltp_read_write,64,1000000,4,4,ON,LOGICAL_CLOCK
1GB,2,2,0,ON,1,1024,1,25,100,48MB,4000,full,OFF,211.66,oltp_read_write,64,1000000,4,4,ON,LOGICAL_CLOCK
1GB,2,2,0,ON,1,1024,1,25,100,48MB,4000,full,ON,215.73,oltp_read_write,64,1000000,4,4,ON,LOGICAL_CLOCK
1GB,2,2,1,ON,1,1024,1,25,100,48MB,4000,full,OFF,200.60,oltp_read_write,64,1000000,4,4,ON,LOGICAL_CLOCK
1GB,2,2,1,ON,1,1024,1,25,100,48MB,4000,full,ON,202.43,oltp_read_write,64,1000000,4,4,ON,LOGICAL_CLOCK
1GB,2,2,2,ON,1,1024,1,25,100,48MB,4000,full,OFF,210.92,oltp_read_write,64,1000000,4,4,ON,LOGICAL_CLOCK
1GB,2,2,2,ON,1,1024,1,25,100,48MB,4000,full,ON,209.77,oltp_read_write,64,1000000,4,4,ON,LOGICAL_CLOCK
1GB,2,2,1,ON,0,1024,1,25,100,48MB,4000,full,OFF,200.83,oltp_read_write,64,1000000,4,4,ON,LOGICAL_CLOCK
1GB,2,2,1,ON,1,1024,1,25,100,48MB,4000,full,OFF,199.48,oltp_read_write,64,1000000,4,4,ON,LOGICAL_CLOCK
1GB,2,2,1,OFF,0,1024,1,25,100,48MB,4000,full,OFF,206.28,oltp_read_write,64,1000000,4,4,ON,LOGICAL_CLOCK
1GB,2,2,1,OFF,1,1024,1,25,100,48MB,4000,full,OFF,196.10,oltp_read_write,64,1000000,4,4,ON,LOGICAL_CLOCK
1GB,2,2,1,ON,1,100,1,25,100,48MB,4000,full,OFF,172.81,oltp_read_write,64,1000000,4,4,ON,LOGICAL_CLOCK
1GB,2,2,1,ON,1,1024,1,25,100,48MB,4000,full,OFF,194.73,oltp_read_write,64,1000000,4,4,ON,LOGICAL_CLOCK
1GB,2,2,1,ON,1,5000,1,25,100,48MB,4000,full,OFF,176.66,oltp_read_write,64,1000000,4,4,ON,LOGICAL_CLOCK
1GB,2,2,1,ON,1,10000,1,25,100,48MB,4000,full,OFF,145.12,oltp_read_write,64,1000000,4,4,ON,LOGICAL_CLOCK
1GB,2,2,1,OFF,1,100,1,25,100,48MB,4000,full,OFF,175.40,oltp_read_write,64,1000000,4,4,ON,LOGICAL_CLOCK
1GB,2,2,1,OFF,1,1024,1,25,100,48MB,4000,full,OFF,193.95,oltp_read_write,64,1000000,4,4,ON,LOGICAL_CLOCK
1GB,2,2,1,OFF,1,5000,1,25,100,48MB,4000,full,OFF,172.87,oltp_read_write,64,1000000,4,4,ON,LOGICAL_CLOCK
1GB,2,2,1,OFF,1,10000,1,25,100,48MB,4000,full,OFF,145.34,oltp_read_write,64,1000000,4,4,ON,LOGICAL_CLOCK
1GB,2,2,1,ON,1,1024,1,25,100,48MB,4000,full,OFF,194.84,oltp_read_write,64,1000000,4,4,ON,LOGICAL_CLOCK
1GB,2,2,1,ON,1,1024,2,25,100,48MB,4000,full,OFF,192.88,oltp_read_write,64,1000000,4,4,ON,LOGICAL_CLOCK
1GB,2,2,1,ON,1,1024,4,25,100,48MB,4000,full,OFF,195.42,oltp_read_write,64,1000000,4,4,ON,LOGICAL_CLOCK
1GB,2,2,1,ON,1,1024,8,25,100,48MB,4000,full,OFF,200.18,oltp_read_write,64,1000000,4,4,ON,LOGICAL_CLOCK
1GB,2,2,1,OFF,1,1024,1,25,100,48MB,4000,full,OFF,197.90,oltp_read_write,64,1000000,4,4,ON,LOGICAL_CLOCK
1GB,2,2,1,OFF,1,1024,2,25,100,48MB,4000,full,OFF,200.86,oltp_read_write,64,1000000,4,4,ON,LOGICAL_CLOCK
1GB,2,2,1,OFF,1,1024,4,25,100,48MB,4000,full,OFF,193.30,oltp_read_write,64,1000000,4,4,ON,LOGICAL_CLOCK
1GB,2,2,1,OFF,1,1024,8,25,100,48MB,4000,full,OFF,194.39,oltp_read_write,64,1000000,4,4,ON,LOGICAL_CLOCK
1GB,2,2,1,ON,1,1024,1,0,100,48MB,4000,full,OFF,179.32,oltp_read_write,64,1000000,4,4,ON,LOGICAL_CLOCK
1GB,2,2,1,ON,1,1024,1,10,100,48MB,4000,full,OFF,199.59,oltp_read_write,64,1000000,4,4,ON,LOGICAL_CLOCK
1GB,2,2,1,ON,1,1024,1,25,100,48MB,4000,full,OFF,198.75,oltp_read_write,64,1000000,4,4,ON,LOGICAL_CLOCK
1GB,2,2,1,ON,1,1024,1,50,100,48MB,4000,full,OFF,197.48,oltp_read_write,64,1000000,4,4,ON,LOGICAL_CLOCK
1GB,2,2,1,OFF,1,1024,1,0,100,48MB,4000,full,OFF,180.54,oltp_read_write,64,1000000,4,4,ON,LOGICAL_CLOCK
1GB,2,2,1,OFF,1,1024,1,10,100,48MB,4000,full,OFF,199.46,oltp_read_write,64,1000000,4,4,ON,LOGICAL_CLOCK
1GB,2,2,1,OFF,1,1024,1,25,100,48MB,4000,full,OFF,200.87,oltp_read_write,64,1000000,4,4,ON,LOGICAL_CLOCK
1GB,2,2,1,OFF,1,1024,1,50,100,48MB,4000,full,OFF,197.77,oltp_read_write,64,1000000,4,4,ON,LOGICAL_CLOCK
1GB,2,2,1,ON,1,1024,1,25,100,48MB,4000,full,OFF,194.70,oltp_read_write,64,1000000,4,4,ON,LOGICAL_CLOCK
1GB,2,2,1,ON,1,1024,1,25,5000,48MB,4000,full,OFF,188.31,oltp_read_write,64,1000000,4,4,ON,LOGICAL_CLOCK
1GB,2,2,1,ON,1,1024,1,25,10000,48MB,4000,full,OFF,191.39,oltp_read_write,64,1000000,4,4,ON,LOGICAL_CLOCK
1GB,2,2,1,ON,1,1024,1,25,20000,48MB,4000,full,OFF,190.54,oltp_read_write,64,1000000,4,4,ON,LOGICAL_CLOCK
1GB,2,2,1,OFF,1,1024,1,25,100,48MB,4000,full,OFF,191.67,oltp_read_write,64,1000000,4,4,ON,LOGICAL_CLOCK
1GB,2,2,1,OFF,1,1024,1,25,5000,48MB,4000,full,OFF,194.01,oltp_read_write,64,1000000,4,4,ON,LOGICAL_CLOCK
1GB,2,2,1,OFF,1,1024,1,25,10000,48MB,4000,full,OFF,190.65,oltp_read_write,64,1000000,4,4,ON,LOGICAL_CLOCK
1GB,2,2,1,OFF,1,1024,1,25,20000,48MB,4000,full,OFF,191.46,oltp_read_write,64,1000000,4,4,ON,LOGICAL_CLOCK
1GB,2,2,1,ON,1,1024,1,25,100,4MB,4000,full,OFF,195.30,oltp_read_write,64,1000000,4,4,ON,LOGICAL_CLOCK
1GB,2,2,1,ON,1,1024,1,25,100,48MB,4000,full,OFF,201.03,oltp_read_write,64,1000000,4,4,ON,LOGICAL_CLOCK
1GB,2,2,1,ON,1,1024,1,25,100,512MB,4000,full,OFF,193.29,oltp_read_write,64,1000000,4,4,ON,LOGICAL_CLOCK
1GB,2,2,1,ON,1,1024,1,25,100,5GB,4000,full,OFF,193.75,oltp_read_write,64,1000000,4,4,ON,LOGICAL_CLOCK
1GB,2,2,1,OFF,1,1024,1,25,100,4MB,4000,full,OFF,199.81,oltp_read_write,64,1000000,4,4,ON,LOGICAL_CLOCK
1GB,2,2,1,OFF,1,1024,1,25,100,48MB,4000,full,OFF,196.82,oltp_read_write,64,1000000,4,4,ON,LOGICAL_CLOCK
1GB,2,2,1,OFF,1,1024,1,25,100,512MB,4000,full,OFF,194.63,oltp_read_write,64,1000000,4,4,ON,LOGICAL_CLOCK
1GB,2,2,1,OFF,1,1024,1,25,100,5GB,4000,full,OFF,197.25,oltp_read_write,64,1000000,4,4,ON,LOGICAL_CLOCK
1GB,2,2,1,ON,1,1024,1,25,100,48MB,1,full,OFF,164.18,oltp_read_write,64,1000000,4,4,ON,LOGICAL_CLOCK
1GB,2,2,1,ON,1,1024,1,25,100,48MB,1000,full,OFF,198.01,oltp_read_write,64,1000000,4,4,ON,LOGICAL_CLOCK
1GB,2,2,1,ON,1,1024,1,25,100,48MB,2000,full,OFF,195.91,oltp_read_write,64,1000000,4,4,ON,LOGICAL_CLOCK
1GB,2,2,1,ON,1,1024,1,25,100,48MB,4000,full,OFF,201.25,oltp_read_write,64,1000000,4,4,ON,LOGICAL_CLOCK
1GB,2,2,1,OFF,1,1024,1,25,100,48MB,1,full,OFF,183.65,oltp_read_write,64,1000000,4,4,ON,LOGICAL_CLOCK
1GB,2,2,1,OFF,1,1024,1,25,100,48MB,1000,full,OFF,200.39,oltp_read_write,64,1000000,4,4,ON,LOGICAL_CLOCK
1GB,2,2,1,OFF,1,1024,1,25,100,48MB,2000,full,OFF,197.67,oltp_read_write,64,1000000,4,4,ON,LOGICAL_CLOCK
1GB,2,2,1,OFF,1,1024,1,25,100,48MB,4000,full,OFF,195.02,oltp_read_write,64,1000000,4,4,ON,LOGICAL_CLOCK
1GB,2,2,1,ON,1,1024,1,25,100,48MB,4000,full,OFF,197.36,oltp_read_write,64,1000000,4,4,ON,LOGICAL_CLOCK
1GB,2,2,1,ON,1,1024,1,25,100,48MB,4000,minimal,OFF,193.30,oltp_read_write,64,1000000,4,4,ON,LOGICAL_CLOCK
1GB,2,2,1,ON,1,1024,1,25,100,48MB,4000,noblob,OFF,196.74,oltp_read_write,64,1000000,4,4,ON,LOGICAL_CLOCK
1GB,2,2,1,OFF,1,1024,1,25,100,48MB,4000,full,OFF,200.98,oltp_read_write,64,1000000,4,4,ON,LOGICAL_CLOCK
1GB,2,2,1,OFF,1,1024,1,25,100,48MB,4000,minimal,OFF,202.11,oltp_read_write,64,1000000,4,4,ON,LOGICAL_CLOCK
1GB,2,2,1,OFF,1,1024,1,25,100,48MB,4000,noblob,OFF,194.94,oltp_read_write,64,1000000,4,4,ON,LOGICAL_CLOCK
1GB,2,2,1,ON,1,1024,1,25,100,48MB,4000,full,OFF,196.12,oltp_read_write,64,1000000,4,4,ON,LOGICAL_CLOCK
1GB,2,2,1,ON,1,1024,1,25,100,48MB,4000,full,ON,197.94,oltp_read_write,64,1000000,4,4,ON,LOGICAL_CLOCK
1GB,2,2,1,OFF,1,1024,1,25,100,48MB,4000,full,OFF,193.37,oltp_read_write,64,1000000,4,4,ON,LOGICAL_CLOCK
1GB,2,2,1,OFF,1,1024,1,25,100,48MB,4000,full,ON,198.30,oltp_read_write,64,1000000,4,4,ON,LOGICAL_CLOCK
1GB,2,2,1,ON,0,100,1,25,100,48MB,4000,full,OFF,179.83,oltp_read_write,64,1000000,4,4,ON,LOGICAL_CLOCK
1GB,2,2,1,ON,0,1024,1,25,100,48MB,4000,full,OFF,204.03,oltp_read_write,64,1000000,4,4,ON,LOGICAL_CLOCK
1GB,2,2,1,ON,0,5000,1,25,100,48MB,4000,full,OFF,182.39,oltp_read_write,64,1000000,4,4,ON,LOGICAL_CLOCK
1GB,2,2,1,ON,0,10000,1,25,100,48MB,4000,full,OFF,151.24,oltp_read_write,64,1000000,4,4,ON,LOGICAL_CLOCK
1GB,2,2,1,ON,1,100,1,25,100,48MB,4000,full,OFF,176.49,oltp_read_write,64,1000000,4,4,ON,LOGICAL_CLOCK
1GB,2,2,1,ON,1,1024,1,25,100,48MB,4000,full,OFF,194.22,oltp_read_write,64,1000000,4,4,ON,LOGICAL_CLOCK
1GB,2,2,1,ON,1,5000,1,25,100,48MB,4000,full,OFF,177.95,oltp_read_write,64,1000000,4,4,ON,LOGICAL_CLOCK
1GB,2,2,1,ON,1,10000,1,25,100,48MB,4000,full,OFF,147.28,oltp_read_write,64,1000000,4,4,ON,LOGICAL_CLOCK
1GB,2,2,1,ON,0,1024,1,25,100,48MB,4000,full,OFF,196.70,oltp_read_write,64,1000000,4,4,ON,LOGICAL_CLOCK
1GB,2,2,1,ON,0,1024,2,25,100,48MB,4000,full,OFF,195.06,oltp_read_write,64,1000000,4,4,ON,LOGICAL_CLOCK
1GB,2,2,1,ON,0,1024,4,25,100,48MB,4000,full,OFF,194.67,oltp_read_write,64,1000000,4,4,ON,LOGICAL_CLOCK
1GB,2,2,1,ON,0,1024,8,25,100,48MB,4000,full,OFF,199.32,oltp_read_write,64,1000000,4,4,ON,LOGICAL_CLOCK
1GB,2,2,1,ON,1,1024,1,25,100,48MB,4000,full,OFF,195.63,oltp_read_write,64,1000000,4,4,ON,LOGICAL_CLOCK
1GB,2,2,1,ON,1,1024,2,25,100,48MB,4000,full,OFF,194.71,oltp_read_write,64,1000000,4,4,ON,LOGICAL_CLOCK
1GB,2,2,1,ON,1,1024,4,25,100,48MB,4000,full,OFF,194.22,oltp_read_write,64,1000000,4,4,ON,LOGICAL_CLOCK
1GB,2,2,1,ON,1,1024,8,25,100,48MB,4000,full,OFF,195.90,oltp_read_write,64,1000000,4,4,ON,LOGICAL_CLOCK
1GB,2,2,1,ON,0,1024,1,0,100,48MB,4000,full,OFF,187.74,oltp_read_write,64,1000000,4,4,ON,LOGICAL_CLOCK
1GB,2,2,1,ON,0,1024,1,10,100,48MB,4000,full,OFF,200.23,oltp_read_write,64,1000000,4,4,ON,LOGICAL_CLOCK
1GB,2,2,1,ON,0,1024,1,25,100,48MB,4000,full,OFF,201.63,oltp_read_write,64,1000000,4,4,ON,LOGICAL_CLOCK
1GB,2,2,1,ON,0,1024,1,50,100,48MB,4000,full,OFF,200.94,oltp_read_write,64,1000000,4,4,ON,LOGICAL_CLOCK
1GB,2,2,1,ON,1,1024,1,0,100,48MB,4000,full,OFF,181.80,oltp_read_write,64,1000000,4,4,ON,LOGICAL_CLOCK
1GB,2,2,1,ON,1,1024,1,10,100,48MB,4000,full,OFF,197.23,oltp_read_write,64,1000000,4,4,ON,LOGICAL_CLOCK
1GB,2,2,1,ON,1,1024,1,25,100,48MB,4000,full,OFF,199.00,oltp_read_write,64,1000000,4,4,ON,LOGICAL_CLOCK
1GB,2,2,1,ON,1,1024,1,50,100,48MB,4000,full,OFF,200.28,oltp_read_write,64,1000000,4,4,ON,LOGICAL_CLOCK
1GB,2,2,1,ON,0,1024,1,25,100,48MB,4000,full,OFF,204.37,oltp_read_write,64,1000000,4,4,ON,LOGICAL_CLOCK
1GB,2,2,1,ON,0,1024,1,25,5000,48MB,4000,full,OFF,196.37,oltp_read_write,64,1000000,4,4,ON,LOGICAL_CLOCK
1GB,2,2,1,ON,0,1024,1,25,10000,48MB,4000,full,OFF,199.16,oltp_read_write,64,1000000,4,4,ON,LOGICAL_CLOCK
1GB,2,2,1,ON,0,1024,1,25,20000,48MB,4000,full,OFF,199.78,oltp_read_write,64,1000000,4,4,ON,LOGICAL_CLOCK
1GB,2,2,1,ON,1,1024,1,25,100,48MB,4000,full,OFF,198.47,oltp_read_write,64,1000000,4,4,ON,LOGICAL_CLOCK
1GB,2,2,1,ON,1,1024,1,25,5000,48MB,4000,full,OFF,191.05,oltp_read_write,64,1000000,4,4,ON,LOGICAL_CLOCK
1GB,2,2,1,ON,1,1024,1,25,10000,48MB,4000,full,OFF,191.85,oltp_read_write,64,1000000,4,4,ON,LOGICAL_CLOCK
1GB,2,2,1,ON,1,1024,1,25,20000,48MB,4000,full,OFF,190.59,oltp_read_write,64,1000000,4,4,ON,LOGICAL_CLOCK
1GB,2,2,1,ON,0,1024,1,25,100,4MB,4000,full,OFF,197.18,oltp_read_write,64,1000000,4,4,ON,LOGICAL_CLOCK
1GB,2,2,1,ON,0,1024,1,25,100,48MB,4000,full,OFF,196.11,oltp_read_write,64,1000000,4,4,ON,LOGICAL_CLOCK
1GB,2,2,1,ON,0,1024,1,25,100,512MB,4000,full,OFF,195.27,oltp_read_write,64,1000000,4,4,ON,LOGICAL_CLOCK
1GB,2,2,1,ON,0,1024,1,25,100,5GB,4000,full,OFF,193.05,oltp_read_write,64,1000000,4,4,ON,LOGICAL_CLOCK
1GB,2,2,1,ON,1,1024,1,25,100,4MB,4000,full,OFF,194.88,oltp_read_write,64,1000000,4,4,ON,LOGICAL_CLOCK
1GB,2,2,1,ON,1,1024,1,25,100,48MB,4000,full,OFF,199.91,oltp_read_write,64,1000000,4,4,ON,LOGICAL_CLOCK
1GB,2,2,1,ON,1,1024,1,25,100,512MB,4000,full,OFF,202.22,oltp_read_write,64,1000000,4,4,ON,LOGICAL_CLOCK
1GB,2,2,1,ON,1,1024,1,25,100,5GB,4000,full,OFF,195.51,oltp_read_write,64,1000000,4,4,ON,LOGICAL_CLOCK
1GB,2,2,1,ON,0,1024,1,25,100,48MB,1,full,OFF,171.03,oltp_read_write,64,1000000,4,4,ON,LOGICAL_CLOCK
1GB,2,2,1,ON,0,1024,1,25,100,48MB,1000,full,OFF,202.45,oltp_read_write,64,1000000,4,4,ON,LOGICAL_CLOCK
1GB,2,2,1,ON,0,1024,1,25,100,48MB,2000,full,OFF,202.99,oltp_read_write,64,1000000,4,4,ON,LOGICAL_CLOCK
1GB,2,2,1,ON,0,1024,1,25,100,48MB,4000,full,OFF,203.49,oltp_read_write,64,1000000,4,4,ON,LOGICAL_CLOCK
1GB,2,2,1,ON,1,1024,1,25,100,48MB,1,full,OFF,185.49,oltp_read_write,64,1000000,4,4,ON,LOGICAL_CLOCK
1GB,2,2,1,ON,1,1024,1,25,100,48MB,1000,full,OFF,197.48,oltp_read_write,64,1000000,4,4,ON,LOGICAL_CLOCK
1GB,2,2,1,ON,1,1024,1,25,100,48MB,2000,full,OFF,199.07,oltp_read_write,64,1000000,4,4,ON,LOGICAL_CLOCK
1GB,2,2,1,ON,1,1024,1,25,100,48MB,4000,full,OFF,196.25,oltp_read_write,64,1000000,4,4,ON,LOGICAL_CLOCK
1GB,2,2,1,ON,0,1024,1,25,100,48MB,4000,full,OFF,202.06,oltp_read_write,64,1000000,4,4,ON,LOGICAL_CLOCK
1GB,2,2,1,ON,0,1024,1,25,100,48MB,4000,minimal,OFF,207.63,oltp_read_write,64,1000000,4,4,ON,LOGICAL_CLOCK
1GB,2,2,1,ON,0,1024,1,25,100,48MB,4000,noblob,OFF,206.62,oltp_read_write,64,1000000,4,4,ON,LOGICAL_CLOCK
1GB,2,2,1,ON,1,1024,1,25,100,48MB,4000,full,OFF,196.03,oltp_read_write,64,1000000,4,4,ON,LOGICAL_CLOCK
1GB,2,2,1,ON,1,1024,1,25,100,48MB,4000,minimal,OFF,199.67,oltp_read_write,64,1000000,4,4,ON,LOGICAL_CLOCK
1GB,2,2,1,ON,1,1024,1,25,100,48MB,4000,noblob,OFF,196.75,oltp_read_write,64,1000000,4,4,ON,LOGICAL_CLOCK
1GB,2,2,1,ON,0,1024,1,25,100,48MB,4000,full,OFF,199.47,oltp_read_write,64,1000000,4,4,ON,LOGICAL_CLOCK
1GB,2,2,1,ON,0,1024,1,25,100,48MB,4000,full,ON,199.76,oltp_read_write,64,1000000,4,4,ON,LOGICAL_CLOCK
1GB,2,2,1,ON,1,1024,1,25,100,48MB,4000,full,OFF,191.64,oltp_read_write,64,1000000,4,4,ON,LOGICAL_CLOCK
1GB,2,2,1,ON,1,1024,1,25,100,48MB,4000,full,ON,194.43,oltp_read_write,64,1000000,4,4,ON,LOGICAL_CLOCK
1GB,2,2,1,ON,1,100,1,25,100,48MB,4000,full,OFF,197.80,oltp_read_write,64,1000000,4,4,ON,LOGICAL_CLOCK
1GB,2,2,1,ON,1,100,2,25,100,48MB,4000,full,OFF,193.84,oltp_read_write,64,1000000,4,4,ON,LOGICAL_CLOCK
1GB,2,2,1,ON,1,100,4,25,100,48MB,4000,full,OFF,192.05,oltp_read_write,64,1000000,4,4,ON,LOGICAL_CLOCK
1GB,2,2,1,ON,1,100,8,25,100,48MB,4000,full,OFF,199.37,oltp_read_write,64,1000000,4,4,ON,LOGICAL_CLOCK
1GB,2,2,1,ON,1,1024,1,25,100,48MB,4000,full,OFF,195.00,oltp_read_write,64,1000000,4,4,ON,LOGICAL_CLOCK
1GB,2,2,1,ON,1,1024,2,25,100,48MB,4000,full,OFF,195.82,oltp_read_write,64,1000000,4,4,ON,LOGICAL_CLOCK
1GB,2,2,1,ON,1,1024,4,25,100,48MB,4000,full,OFF,197.68,oltp_read_write,64,1000000,4,4,ON,LOGICAL_CLOCK
1GB,2,2,1,ON,1,1024,8,25,100,48MB,4000,full,OFF,197.47,oltp_read_write,64,1000000,4,4,ON,LOGICAL_CLOCK
1GB,2,2,1,ON,1,5000,1,25,100,48MB,4000,full,OFF,196.94,oltp_read_write,64,1000000,4,4,ON,LOGICAL_CLOCK
1GB,2,2,1,ON,1,5000,2,25,100,48MB,4000,full,OFF,195.70,oltp_read_write,64,1000000,4,4,ON,LOGICAL_CLOCK
1GB,2,2,1,ON,1,5000,4,25,100,48MB,4000,full,OFF,203.77,oltp_read_write,64,1000000,4,4,ON,LOGICAL_CLOCK
1GB,2,2,1,ON,1,5000,8,25,100,48MB,4000,full,OFF,193.08,oltp_read_write,64,1000000,4,4,ON,LOGICAL_CLOCK
1GB,2,2,1,ON,1,10000,1,25,100,48MB,4000,full,OFF,196.63,oltp_read_write,64,1000000,4,4,ON,LOGICAL_CLOCK
1GB,2,2,1,ON,1,10000,2,25,100,48MB,4000,full,OFF,196.59,oltp_read_write,64,1000000,4,4,ON,LOGICAL_CLOCK
1GB,2,2,1,ON,1,10000,4,25,100,48MB,4000,full,OFF,198.57,oltp_read_write,64,1000000,4,4,ON,LOGICAL_CLOCK
1GB,2,2,1,ON,1,10000,8,25,100,48MB,4000,full,OFF,196.43,oltp_read_write,64,1000000,4,4,ON,LOGICAL_CLOCK
1GB,2,2,1,ON,1,100,1,0,100,48MB,4000,full,OFF,165.43,oltp_read_write,64,1000000,4,4,ON,LOGICAL_CLOCK
1GB,2,2,1,ON,1,100,1,10,100,48MB,4000,full,OFF,180.12,oltp_read_write,64,1000000,4,4,ON,LOGICAL_CLOCK
1GB,2,2,1,ON,1,100,1,25,100,48MB,4000,full,OFF,183.46,oltp_read_write,64,1000000,4,4,ON,LOGICAL_CLOCK
1GB,2,2,1,ON,1,100,1,50,100,48MB,4000,full,OFF,188.47,oltp_read_write,64,1000000,4,4,ON,LOGICAL_CLOCK
1GB,2,2,1,ON,1,1024,1,0,100,48MB,4000,full,OFF,180.72,oltp_read_write,64,1000000,4,4,ON,LOGICAL_CLOCK
1GB,2,2,1,ON,1,1024,1,10,100,48MB,4000,full,OFF,198.26,oltp_read_write,64,1000000,4,4,ON,LOGICAL_CLOCK
1GB,2,2,1,ON,1,1024,1,25,100,48MB,4000,full,OFF,198.17,oltp_read_write,64,1000000,4,4,ON,LOGICAL_CLOCK
1GB,2,2,1,ON,1,1024,1,50,100,48MB,4000,full,OFF,203.04,oltp_read_write,64,1000000,4,4,ON,LOGICAL_CLOCK
1GB,2,2,1,ON,1,5000,1,0,100,48MB,4000,full,OFF,169.85,oltp_read_write,64,1000000,4,4,ON,LOGICAL_CLOCK
1GB,2,2,1,ON,1,5000,1,10,100,48MB,4000,full,OFF,180.98,oltp_read_write,64,1000000,4,4,ON,LOGICAL_CLOCK
1GB,2,2,1,ON,1,5000,1,25,100,48MB,4000,full,OFF,177.26,oltp_read_write,64,1000000,4,4,ON,LOGICAL_CLOCK
1GB,2,2,1,ON,1,5000,1,50,100,48MB,4000,full,OFF,179.62,oltp_read_write,64,1000000,4,4,ON,LOGICAL_CLOCK
1GB,2,2,1,ON,1,10000,1,0,100,48MB,4000,full,OFF,147.91,oltp_read_write,64,1000000,4,4,ON,LOGICAL_CLOCK
1GB,2,2,1,ON,1,10000,1,10,100,48MB,4000,full,OFF,152.17,oltp_read_write,64,1000000,4,4,ON,LOGICAL_CLOCK
1GB,2,2,1,ON,1,10000,1,25,100,48MB,4000,full,OFF,150.66,oltp_read_write,64,1000000,4,4,ON,LOGICAL_CLOCK
1GB,2,2,1,ON,1,10000,1,50,100,48MB,4000,full,OFF,153.43,oltp_read_write,64,1000000,4,4,ON,LOGICAL_CLOCK
1GB,2,2,1,ON,1,100,1,25,100,48MB,4000,full,OFF,178.08,oltp_read_write,64,1000000,4,4,ON,LOGICAL_CLOCK
1GB,2,2,1,ON,1,100,1,25,5000,48MB,4000,full,OFF,174.00,oltp_read_write,64,1000000,4,4,ON,LOGICAL_CLOCK
1GB,2,2,1,ON,1,100,1,25,10000,48MB,4000,full,OFF,173.44,oltp_read_write,64,1000000,4,4,ON,LOGICAL_CLOCK
1GB,2,2,1,ON,1,100,1,25,20000,48MB,4000,full,OFF,180.87,oltp_read_write,64,1000000,4,4,ON,LOGICAL_CLOCK
1GB,2,2,1,ON,1,1024,1,25,100,48MB,4000,full,OFF,195.95,oltp_read_write,64,1000000,4,4,ON,LOGICAL_CLOCK
1GB,2,2,1,ON,1,1024,1,25,5000,48MB,4000,full,OFF,193.62,oltp_read_write,64,1000000,4,4,ON,LOGICAL_CLOCK
1GB,2,2,1,ON,1,1024,1,25,10000,48MB,4000,full,OFF,195.45,oltp_read_write,64,1000000,4,4,ON,LOGICAL_CLOCK
1GB,2,2,1,ON,1,1024,1,25,20000,48MB,4000,full,OFF,195.99,oltp_read_write,64,1000000,4,4,ON,LOGICAL_CLOCK
1GB,2,2,1,ON,1,5000,1,25,100,48MB,4000,full,OFF,181.53,oltp_read_write,64,1000000,4,4,ON,LOGICAL_CLOCK
1GB,2,2,1,ON,1,5000,1,25,5000,48MB,4000,full,OFF,184.45,oltp_read_write,64,1000000,4,4,ON,LOGICAL_CLOCK
1GB,2,2,1,ON,1,5000,1,25,10000,48MB,4000,full,OFF,184.84,oltp_read_write,64,1000000,4,4,ON,LOGICAL_CLOCK
1GB,2,2,1,ON,1,5000,1,25,20000,48MB,4000,full,OFF,184.20,oltp_read_write,64,1000000,4,4,ON,LOGICAL_CLOCK
1GB,2,2,1,ON,1,10000,1,25,100,48MB,4000,full,OFF,157.99,oltp_read_write,64,1000000,4,4,ON,LOGICAL_CLOCK
1GB,2,2,1,ON,1,10000,1,25,5000,48MB,4000,full,OFF,156.00,oltp_read_write,64,1000000,4,4,ON,LOGICAL_CLOCK
1GB,2,2,1,ON,1,10000,1,25,10000,48MB,4000,full,OFF,159.71,oltp_read_write,64,1000000,4,4,ON,LOGICAL_CLOCK
1GB,2,2,1,ON,1,10000,1,25,20000,48MB,4000,full,OFF,159.92,oltp_read_write,64,1000000,4,4,ON,LOGICAL_CLOCK
1GB,2,2,1,ON,1,100,1,25,100,4MB,4000,full,OFF,195.24,oltp_read_write,64,1000000,4,4,ON,LOGICAL_CLOCK
1GB,2,2,1,ON,1,100,1,25,100,48MB,4000,full,OFF,197.36,oltp_read_write,64,1000000,4,4,ON,LOGICAL_CLOCK
1GB,2,2,1,ON,1,100,1,25,100,512MB,4000,full,OFF,197.23,oltp_read_write,64,1000000,4,4,ON,LOGICAL_CLOCK
1GB,2,2,1,ON,1,100,1,25,100,5GB,4000,full,OFF,198.00,oltp_read_write,64,1000000,4,4,ON,LOGICAL_CLOCK
1GB,2,2,1,ON,1,1024,1,25,100,4MB,4000,full,OFF,197.01,oltp_read_write,64,1000000,4,4,ON,LOGICAL_CLOCK
1GB,2,2,1,ON,1,1024,1,25,100,48MB,4000,full,OFF,194.19,oltp_read_write,64,1000000,4,4,ON,LOGICAL_CLOCK
1GB,2,2,1,ON,1,1024,1,25,100,512MB,4000,full,OFF,195.83,oltp_read_write,64,1000000,4,4,ON,LOGICAL_CLOCK
1GB,2,2,1,ON,1,1024,1,25,100,5GB,4000,full,OFF,199.63,oltp_read_write,64,1000000,4,4,ON,LOGICAL_CLOCK
1GB,2,2,1,ON,1,5000,1,25,100,4MB,4000,full,OFF,194.18,oltp_read_write,64,1000000,4,4,ON,LOGICAL_CLOCK
1GB,2,2,1,ON,1,5000,1,25,100,48MB,4000,full,OFF,196.30,oltp_read_write,64,1000000,4,4,ON,LOGICAL_CLOCK
1GB,2,2,1,ON,1,5000,1,25,100,512MB,4000,full,OFF,200.81,oltp_read_write,64,1000000,4,4,ON,LOGICAL_CLOCK
1GB,2,2,1,ON,1,5000,1,25,100,5GB,4000,full,OFF,197.78,oltp_read_write,64,1000000,4,4,ON,LOGICAL_CLOCK
1GB,2,2,1,ON,1,10000,1,25,100,4MB,4000,full,OFF,203.97,oltp_read_write,64,1000000,4,4,ON,LOGICAL_CLOCK
1GB,2,2,1,ON,1,10000,1,25,100,48MB,4000,full,OFF,197.67,oltp_read_write,64,1000000,4,4,ON,LOGICAL_CLOCK
1GB,2,2,1,ON,1,10000,1,25,100,512MB,4000,full,OFF,195.55,oltp_read_write,64,1000000,4,4,ON,LOGICAL_CLOCK
1GB,2,2,1,ON,1,10000,1,25,100,5GB,4000,full,OFF,194.05,oltp_read_write,64,1000000,4,4,ON,LOGICAL_CLOCK
1GB,2,2,1,ON,1,100,1,25,100,48MB,1,full,OFF,153.61,oltp_read_write,64,1000000,4,4,ON,LOGICAL_CLOCK
1GB,2,2,1,ON,1,100,1,25,100,48MB,1000,full,OFF,186.18,oltp_read_write,64,1000000,4,4,ON,LOGICAL_CLOCK
1GB,2,2,1,ON,1,100,1,25,100,48MB,2000,full,OFF,186.74,oltp_read_write,64,1000000,4,4,ON,LOGICAL_CLOCK
1GB,2,2,1,ON,1,100,1,25,100,48MB,4000,full,OFF,191.50,oltp_read_write,64,1000000,4,4,ON,LOGICAL_CLOCK
1GB,2,2,1,ON,1,1024,1,25,100,48MB,1,full,OFF,184.12,oltp_read_write,64,1000000,4,4,ON,LOGICAL_CLOCK
1GB,2,2,1,ON,1,1024,1,25,100,48MB,1000,full,OFF,195.68,oltp_read_write,64,1000000,4,4,ON,LOGICAL_CLOCK
1GB,2,2,1,ON,1,1024,1,25,100,48MB,2000,full,OFF,198.50,oltp_read_write,64,1000000,4,4,ON,LOGICAL_CLOCK
1GB,2,2,1,ON,1,1024,1,25,100,48MB,4000,full,OFF,195.33,oltp_read_write,64,1000000,4,4,ON,LOGICAL_CLOCK
1GB,2,2,1,ON,1,5000,1,25,100,48MB,1,full,OFF,165.84,oltp_read_write,64,1000000,4,4,ON,LOGICAL_CLOCK
1GB,2,2,1,ON,1,5000,1,25,100,48MB,1000,full,OFF,173.71,oltp_read_write,64,1000000,4,4,ON,LOGICAL_CLOCK
1GB,2,2,1,ON,1,5000,1,25,100,48MB,2000,full,OFF,175.96,oltp_read_write,64,1000000,4,4,ON,LOGICAL_CLOCK
1GB,2,2,1,ON,1,5000,1,25,100,48MB,4000,full,OFF,175.88,oltp_read_write,64,1000000,4,4,ON,LOGICAL_CLOCK
1GB,2,2,1,ON,1,10000,1,25,100,48MB,1,full,OFF,136.95,oltp_read_write,64,1000000,4,4,ON,LOGICAL_CLOCK
1GB,2,2,1,ON,1,10000,1,25,100,48MB,1000,full,OFF,145.96,oltp_read_write,64,1000000,4,4,ON,LOGICAL_CLOCK
1GB,2,2,1,ON,1,10000,1,25,100,48MB,2000,full,OFF,145.45,oltp_read_write,64,1000000,4,4,ON,LOGICAL_CLOCK
1GB,2,2,1,ON,1,10000,1,25,100,48MB,4000,full,OFF,146.27,oltp_read_write,64,1000000,4,4,ON,LOGICAL_CLOCK
1GB,2,2,1,ON,1,100,1,25,100,48MB,4000,full,OFF,176.47,oltp_read_write,64,1000000,4,4,ON,LOGICAL_CLOCK
1GB,2,2,1,ON,1,100,1,25,100,48MB,4000,minimal,OFF,180.46,oltp_read_write,64,1000000,4,4,ON,LOGICAL_CLOCK
1GB,2,2,1,ON,1,100,1,25,100,48MB,4000,noblob,OFF,184.47,oltp_read_write,64,1000000,4,4,ON,LOGICAL_CLOCK
1GB,2,2,1,ON,1,1024,1,25,100,48MB,4000,full,OFF,194.28,oltp_read_write,64,1000000,4,4,ON,LOGICAL_CLOCK
1GB,2,2,1,ON,1,1024,1,25,100,48MB,4000,minimal,OFF,194.86,oltp_read_write,64,1000000,4,4,ON,LOGICAL_CLOCK
1GB,2,2,1,ON,1,1024,1,25,100,48MB,4000,noblob,OFF,197.49,oltp_read_write,64,1000000,4,4,ON,LOGICAL_CLOCK
1GB,2,2,1,ON,1,5000,1,25,100,48MB,4000,full,OFF,171.07,oltp_read_write,64,1000000,4,4,ON,LOGICAL_CLOCK
1GB,2,2,1,ON,1,5000,1,25,100,48MB,4000,minimal,OFF,170.01,oltp_read_write,64,1000000,4,4,ON,LOGICAL_CLOCK
1GB,2,2,1,ON,1,5000,1,25,100,48MB,4000,noblob,OFF,172.23,oltp_read_write,64,1000000,4,4,ON,LOGICAL_CLOCK
1GB,2,2,1,ON,1,10000,1,25,100,48MB,4000,full,OFF,143.52,oltp_read_write,64,1000000,4,4,ON,LOGICAL_CLOCK
1GB,2,2,1,ON,1,10000,1,25,100,48MB,4000,minimal,OFF,144.03,oltp_read_write,64,1000000,4,4,ON,LOGICAL_CLOCK
1GB,2,2,1,ON,1,10000,1,25,100,48MB,4000,noblob,OFF,143.40,oltp_read_write,64,1000000,4,4,ON,LOGICAL_CLOCK
1GB,2,2,1,ON,1,100,1,25,100,48MB,4000,full,OFF,171.88,oltp_read_write,64,1000000,4,4,ON,LOGICAL_CLOCK
1GB,2,2,1,ON,1,100,1,25,100,48MB,4000,full,ON,179.94,oltp_read_write,64,1000000,4,4,ON,LOGICAL_CLOCK
1GB,2,2,1,ON,1,1024,1,25,100,48MB,4000,full,OFF,190.90,oltp_read_write,64,1000000,4,4,ON,LOGICAL_CLOCK
1GB,2,2,1,ON,1,1024,1,25,100,48MB,4000,full,ON,192.52,oltp_read_write,64,1000000,4,4,ON,LOGICAL_CLOCK
1GB,2,2,1,ON,1,5000,1,25,100,48MB,4000,full,OFF,170.74,oltp_read_write,64,1000000,4,4,ON,LOGICAL_CLOCK
1GB,2,2,1,ON,1,5000,1,25,100,48MB,4000,full,ON,171.10,oltp_read_write,64,1000000,4,4,ON,LOGICAL_CLOCK
1GB,2,2,1,ON,1,10000,1,25,100,48MB,4000,full,OFF,143.56,oltp_read_write,64,1000000,4,4,ON,LOGICAL_CLOCK
1GB,2,2,1,ON,1,10000,1,25,100,48MB,4000,full,ON,143.66,oltp_read_write,64,1000000,4,4,ON,LOGICAL_CLOCK
1GB,2,2,1,ON,1,1024,1,0,100,48MB,4000,full,OFF,197.78,oltp_read_write,64,1000000,4,4,ON,LOGICAL_CLOCK
1GB,2,2,1,ON,1,1024,1,10,100,48MB,4000,full,OFF,197.53,oltp_read_write,64,1000000,4,4,ON,LOGICAL_CLOCK
1GB,2,2,1,ON,1,1024,1,25,100,48MB,4000,full,OFF,195.39,oltp_read_write,64,1000000,4,4,ON,LOGICAL_CLOCK
1GB,2,2,1,ON,1,1024,1,50,100,48MB,4000,full,OFF,199.32,oltp_read_write,64,1000000,4,4,ON,LOGICAL_CLOCK
1GB,2,2,1,ON,1,1024,2,0,100,48MB,4000,full,OFF,194.61,oltp_read_write,64,1000000,4,4,ON,LOGICAL_CLOCK
1GB,2,2,1,ON,1,1024,2,10,100,48MB,4000,full,OFF,198.32,oltp_read_write,64,1000000,4,4,ON,LOGICAL_CLOCK
1GB,2,2,1,ON,1,1024,2,25,100,48MB,4000,full,OFF,197.79,oltp_read_write,64,1000000,4,4,ON,LOGICAL_CLOCK
1GB,2,2,1,ON,1,1024,2,50,100,48MB,4000,full,OFF,202.25,oltp_read_write,64,1000000,4,4,ON,LOGICAL_CLOCK
1GB,2,2,1,ON,1,1024,4,0,100,48MB,4000,full,OFF,198.37,oltp_read_write,64,1000000,4,4,ON,LOGICAL_CLOCK
1GB,2,2,1,ON,1,1024,4,10,100,48MB,4000,full,OFF,195.25,oltp_read_write,64,1000000,4,4,ON,LOGICAL_CLOCK
1GB,2,2,1,ON,1,1024,4,25,100,48MB,4000,full,OFF,200.96,oltp_read_write,64,1000000,4,4,ON,LOGICAL_CLOCK
1GB,2,2,1,ON,1,1024,4,50,100,48MB,4000,full,OFF,199.53,oltp_read_write,64,1000000,4,4,ON,LOGICAL_CLOCK
1GB,2,2,1,ON,1,1024,8,0,100,48MB,4000,full,OFF,196.28,oltp_read_write,64,1000000,4,4,ON,LOGICAL_CLOCK
1GB,2,2,1,ON,1,1024,8,10,100,48MB,4000,full,OFF,198.73,oltp_read_write,64,1000000,4,4,ON,LOGICAL_CLOCK
1GB,2,2,1,ON,1,1024,8,25,100,48MB,4000,full,OFF,196.75,oltp_read_write,64,1000000,4,4,ON,LOGICAL_CLOCK
1GB,2,2,1,ON,1,1024,8,50,100,48MB,4000,full,OFF,200.66,oltp_read_write,64,1000000,4,4,ON,LOGICAL_CLOCK
1GB,2,2,1,ON,1,1024,1,25,100,48MB,4000,full,OFF,197.87,oltp_read_write,64,1000000,4,4,ON,LOGICAL_CLOCK
1GB,2,2,1,ON,1,1024,1,25,5000,48MB,4000,full,OFF,196.48,oltp_read_write,64,1000000,4,4,ON,LOGICAL_CLOCK
1GB,2,2,1,ON,1,1024,1,25,10000,48MB,4000,full,OFF,198.78,oltp_read_write,64,1000000,4,4,ON,LOGICAL_CLOCK
1GB,2,2,1,ON,1,1024,1,25,20000,48MB,4000,full,OFF,195.94,oltp_read_write,64,1000000,4,4,ON,LOGICAL_CLOCK
1GB,2,2,1,ON,1,1024,2,25,100,48MB,4000,full,OFF,201.46,oltp_read_write,64,1000000,4,4,ON,LOGICAL_CLOCK
1GB,2,2,1,ON,1,1024,2,25,5000,48MB,4000,full,OFF,195.20,oltp_read_write,64,1000000,4,4,ON,LOGICAL_CLOCK
1GB,2,2,1,ON,1,1024,2,25,10000,48MB,4000,full,OFF,196.40,oltp_read_write,64,1000000,4,4,ON,LOGICAL_CLOCK
1GB,2,2,1,ON,1,1024,2,25,20000,48MB,4000,full,OFF,194.82,oltp_read_write,64,1000000,4,4,ON,LOGICAL_CLOCK
1GB,2,2,1,ON,1,1024,4,25,100,48MB,4000,full,OFF,195.55,oltp_read_write,64,1000000,4,4,ON,LOGICAL_CLOCK
1GB,2,2,1,ON,1,1024,4,25,5000,48MB,4000,full,OFF,194.23,oltp_read_write,64,1000000,4,4,ON,LOGICAL_CLOCK
1GB,2,2,1,ON,1,1024,4,25,10000,48MB,4000,full,OFF,197.75,oltp_read_write,64,1000000,4,4,ON,LOGICAL_CLOCK
1GB,2,2,1,ON,1,1024,4,25,20000,48MB,4000,full,OFF,198.68,oltp_read_write,64,1000000,4,4,ON,LOGICAL_CLOCK
1GB,2,2,1,ON,1,1024,8,25,100,48MB,4000,full,OFF,196.82,oltp_read_write,64,1000000,4,4,ON,LOGICAL_CLOCK
1GB,2,2,1,ON,1,1024,8,25,5000,48MB,4000,full,OFF,197.78,oltp_read_write,64,1000000,4,4,ON,LOGICAL_CLOCK
1GB,2,2,1,ON,1,1024,8,25,10000,48MB,4000,full,OFF,196.73,oltp_read_write,64,1000000,4,4,ON,LOGICAL_CLOCK
1GB,2,2,1,ON,1,1024,8,25,20000,48MB,4000,full,OFF,199.94,oltp_read_write,64,1000000,4,4,ON,LOGICAL_CLOCK
1GB,2,2,1,ON,1,1024,1,25,100,4MB,4000,full,OFF,197.84,oltp_read_write,64,1000000,4,4,ON,LOGICAL_CLOCK
1GB,2,2,1,ON,1,1024,1,25,100,48MB,4000,full,OFF,195.03,oltp_read_write,64,1000000,4,4,ON,LOGICAL_CLOCK
1GB,2,2,1,ON,1,1024,1,25,100,512MB,4000,full,OFF,194.64,oltp_read_write,64,1000000,4,4,ON,LOGICAL_CLOCK
1GB,2,2,1,ON,1,1024,1,25,100,5GB,4000,full,OFF,193.77,oltp_read_write,64,1000000,4,4,ON,LOGICAL_CLOCK
1GB,2,2,1,ON,1,1024,2,25,100,4MB,4000,full,OFF,197.06,oltp_read_write,64,1000000,4,4,ON,LOGICAL_CLOCK
1GB,2,2,1,ON,1,1024,2,25,100,48MB,4000,full,OFF,197.99,oltp_read_write,64,1000000,4,4,ON,LOGICAL_CLOCK
1GB,2,2,1,ON,1,1024,2,25,100,512MB,4000,full,OFF,195.43,oltp_read_write,64,1000000,4,4,ON,LOGICAL_CLOCK
1GB,2,2,1,ON,1,1024,2,25,100,5GB,4000,full,OFF,198.50,oltp_read_write,64,1000000,4,4,ON,LOGICAL_CLOCK
1GB,2,2,1,ON,1,1024,4,25,100,4MB,4000,full,OFF,196.45,oltp_read_write,64,1000000,4,4,ON,LOGICAL_CLOCK
1GB,2,2,1,ON,1,1024,4,25,100,48MB,4000,full,OFF,198.53,oltp_read_write,64,1000000,4,4,ON,LOGICAL_CLOCK
1GB,2,2,1,ON,1,1024,4,25,100,512MB,4000,full,OFF,200.88,oltp_read_write,64,1000000,4,4,ON,LOGICAL_CLOCK
1GB,2,2,1,ON,1,1024,4,25,100,5GB,4000,full,OFF,193.63,oltp_read_write,64,1000000,4,4,ON,LOGICAL_CLOCK
1GB,2,2,1,ON,1,1024,8,25,100,4MB,4000,full,OFF,201.48,oltp_read_write,64,1000000,4,4,ON,LOGICAL_CLOCK
1GB,2,2,1,ON,1,1024,8,25,100,48MB,4000,full,OFF,197.90,oltp_read_write,64,1000000,4,4,ON,LOGICAL_CLOCK
1GB,2,2,1,ON,1,1024,8,25,100,512MB,4000,full,OFF,199.63,oltp_read_write,64,1000000,4,4,ON,LOGICAL_CLOCK
1GB,2,2,1,ON,1,1024,8,25,100,5GB,4000,full,OFF,201.00,oltp_read_write,64,1000000,4,4,ON,LOGICAL_CLOCK
1GB,2,2,1,ON,1,1024,1,25,100,48MB,1,full,OFF,195.15,oltp_read_write,64,1000000,4,4,ON,LOGICAL_CLOCK
1GB,2,2,1,ON,1,1024,1,25,100,48MB,1000,full,OFF,196.30,oltp_read_write,64,1000000,4,4,ON,LOGICAL_CLOCK
1GB,2,2,1,ON,1,1024,1,25,100,48MB,2000,full,OFF,200.59,oltp_read_write,64,1000000,4,4,ON,LOGICAL_CLOCK
1GB,2,2,1,ON,1,1024,1,25,100,48MB,4000,full,OFF,195.99,oltp_read_write,64,1000000,4,4,ON,LOGICAL_CLOCK
1GB,2,2,1,ON,1,1024,2,25,100,48MB,1,full,OFF,195.74,oltp_read_write,64,1000000,4,4,ON,LOGICAL_CLOCK
1GB,2,2,1,ON,1,1024,2,25,100,48MB,1000,full,OFF,197.59,oltp_read_write,64,1000000,4,4,ON,LOGICAL_CLOCK
1GB,2,2,1,ON,1,1024,2,25,100,48MB,2000,full,OFF,199.26,oltp_read_write,64,1000000,4,4,ON,LOGICAL_CLOCK
1GB,2,2,1,ON,1,1024,2,25,100,48MB,4000,full,OFF,195.31,oltp_read_write,64,1000000,4,4,ON,LOGICAL_CLOCK
1GB,2,2,1,ON,1,1024,4,25,100,48MB,1,full,OFF,202.91,oltp_read_write,64,1000000,4,4,ON,LOGICAL_CLOCK
1GB,2,2,1,ON,1,1024,4,25,100,48MB,1000,full,OFF,197.23,oltp_read_write,64,1000000,4,4,ON,LOGICAL_CLOCK
1GB,2,2,1,ON,1,1024,4,25,100,48MB,2000,full,OFF,201.09,oltp_read_write,64,1000000,4,4,ON,LOGICAL_CLOCK
1GB,2,2,1,ON,1,1024,4,25,100,48MB,4000,full,OFF,196.61,oltp_read_write,64,1000000,4,4,ON,LOGICAL_CLOCK
1GB,2,2,1,ON,1,1024,8,25,100,48MB,1,full,OFF,197.28,oltp_read_write,64,1000000,4,4,ON,LOGICAL_CLOCK
1GB,2,2,1,ON,1,1024,8,25,100,48MB,1000,full,OFF,195.66,oltp_read_write,64,1000000,4,4,ON,LOGICAL_CLOCK
1GB,2,2,1,ON,1,1024,8,25,100,48MB,2000,full,OFF,200.50,oltp_read_write,64,1000000,4,4,ON,LOGICAL_CLOCK
1GB,2,2,1,ON,1,1024,8,25,100,48MB,4000,full,OFF,196.64,oltp_read_write,64,1000000,4,4,ON,LOGICAL_CLOCK
1GB,2,2,1,ON,1,1024,1,25,100,48MB,4000,full,OFF,201.79,oltp_read_write,64,1000000,4,4,ON,LOGICAL_CLOCK
1GB,2,2,1,ON,1,1024,1,25,100,48MB,4000,minimal,OFF,196.15,oltp_read_write,64,1000000,4,4,ON,LOGICAL_CLOCK
1GB,2,2,1,ON,1,1024,1,25,100,48MB,4000,noblob,OFF,198.61,oltp_read_write,64,1000000,4,4,ON,LOGICAL_CLOCK
1GB,2,2,1,ON,1,1024,2,25,100,48MB,4000,full,OFF,197.08,oltp_read_write,64,1000000,4,4,ON,LOGICAL_CLOCK
1GB,2,2,1,ON,1,1024,2,25,100,48MB,4000,minimal,OFF,197.32,oltp_read_write,64,1000000,4,4,ON,LOGICAL_CLOCK
1GB,2,2,1,ON,1,1024,2,25,100,48MB,4000,noblob,OFF,195.45,oltp_read_write,64,1000000,4,4,ON,LOGICAL_CLOCK
1GB,2,2,1,ON,1,1024,4,25,100,48MB,4000,full,OFF,197.37,oltp_read_write,64,1000000,4,4,ON,LOGICAL_CLOCK
1GB,2,2,1,ON,1,1024,4,25,100,48MB,4000,minimal,OFF,197.84,oltp_read_write,64,1000000,4,4,ON,LOGICAL_CLOCK
1GB,2,2,1,ON,1,1024,4,25,100,48MB,4000,noblob,OFF,196.42,oltp_read_write,64,1000000,4,4,ON,LOGICAL_CLOCK
1GB,2,2,1,ON,1,1024,8,25,100,48MB,4000,full,OFF,198.24,oltp_read_write,64,1000000,4,4,ON,LOGICAL_CLOCK
1GB,2,2,1,ON,1,1024,8,25,100,48MB,4000,minimal,OFF,198.25,oltp_read_write,64,1000000,4,4,ON,LOGICAL_CLOCK
1GB,2,2,1,ON,1,1024,8,25,100,48MB,4000,noblob,OFF,198.20,oltp_read_write,64,1000000,4,4,ON,LOGICAL_CLOCK
1GB,2,2,1,ON,1,1024,1,25,100,48MB,4000,full,OFF,198.64,oltp_read_write,64,1000000,4,4,ON,LOGICAL_CLOCK
1GB,2,2,1,ON,1,1024,1,25,100,48MB,4000,full,ON,201.48,oltp_read_write,64,1000000,4,4,ON,LOGICAL_CLOCK
1GB,2,2,1,ON,1,1024,2,25,100,48MB,4000,full,OFF,199.28,oltp_read_write,64,1000000,4,4,ON,LOGICAL_CLOCK
1GB,2,2,1,ON,1,1024,2,25,100,48MB,4000,full,ON,194.66,oltp_read_write,64,1000000,4,4,ON,LOGICAL_CLOCK
1GB,2,2,1,ON,1,1024,4,25,100,48MB,4000,full,OFF,196.05,oltp_read_write,64,1000000,4,4,ON,LOGICAL_CLOCK
1GB,2,2,1,ON,1,1024,4,25,100,48MB,4000,full,ON,199.74,oltp_read_write,64,1000000,4,4,ON,LOGICAL_CLOCK
1GB,2,2,1,ON,1,1024,8,25,100,48MB,4000,full,OFF,198.71,oltp_read_write,64,1000000,4,4,ON,LOGICAL_CLOCK
1GB,2,2,1,ON,1,1024,8,25,100,48MB,4000,full,ON,198.96,oltp_read_write,64,1000000,4,4,ON,LOGICAL_CLOCK
1GB,2,2,1,ON,1,1024,1,0,100,48MB,4000,full,OFF,181.99,oltp_read_write,64,1000000,4,4,ON,LOGICAL_CLOCK
1GB,2,2,1,ON,1,1024,1,0,5000,48MB,4000,full,OFF,180.21,oltp_read_write,64,1000000,4,4,ON,LOGICAL_CLOCK
1GB,2,2,1,ON,1,1024,1,0,10000,48MB,4000,full,OFF,185.74,oltp_read_write,64,1000000,4,4,ON,LOGICAL_CLOCK
1GB,2,2,1,ON,1,1024,1,0,20000,48MB,4000,full,OFF,185.36,oltp_read_write,64,1000000,4,4,ON,LOGICAL_CLOCK
1GB,2,2,1,ON,1,1024,1,10,100,48MB,4000,full,OFF,197.12,oltp_read_write,64,1000000,4,4,ON,LOGICAL_CLOCK
1GB,2,2,1,ON,1,1024,1,10,5000,48MB,4000,full,OFF,193.35,oltp_read_write,64,1000000,4,4,ON,LOGICAL_CLOCK
1GB,2,2,1,ON,1,1024,1,10,10000,48MB,4000,full,OFF,197.36,oltp_read_write,64,1000000,4,4,ON,LOGICAL_CLOCK
1GB,2,2,1,ON,1,1024,1,10,20000,48MB,4000,full,OFF,195.32,oltp_read_write,64,1000000,4,4,ON,LOGICAL_CLOCK
1GB,2,2,1,ON,1,1024,1,25,100,48MB,4000,full,OFF,196.29,oltp_read_write,64,1000000,4,4,ON,LOGICAL_CLOCK
1GB,2,2,1,ON,1,1024,1,25,5000,48MB,4000,full,OFF,193.68,oltp_read_write,64,1000000,4,4,ON,LOGICAL_CLOCK
1GB,2,2,1,ON,1,1024,1,25,10000,48MB,4000,full,OFF,194.02,oltp_read_write,64,1000000,4,4,ON,LOGICAL_CLOCK
1GB,2,2,1,ON,1,1024,1,25,20000,48MB,4000,full,OFF,193.44,oltp_read_write,64,1000000,4,4,ON,LOGICAL_CLOCK
1GB,2,2,1,ON,1,1024,1,50,100,48MB,4000,full,OFF,194.54,oltp_read_write,64,1000000,4,4,ON,LOGICAL_CLOCK
1GB,2,2,1,ON,1,1024,1,50,5000,48MB,4000,full,OFF,193.00,oltp_read_write,64,1000000,4,4,ON,LOGICAL_CLOCK
1GB,2,2,1,ON,1,1024,1,50,10000,48MB,4000,full,OFF,195.51,oltp_read_write,64,1000000,4,4,ON,LOGICAL_CLOCK
1GB,2,2,1,ON,1,1024,1,50,20000,48MB,4000,full,OFF,193.61,oltp_read_write,64,1000000,4,4,ON,LOGICAL_CLOCK
1GB,2,2,1,ON,1,1024,1,0,100,4MB,4000,full,OFF,196.53,oltp_read_write,64,1000000,4,4,ON,LOGICAL_CLOCK
1GB,2,2,1,ON,1,1024,1,0,100,48MB,4000,full,OFF,198.32,oltp_read_write,64,1000000,4,4,ON,LOGICAL_CLOCK
1GB,2,2,1,ON,1,1024,1,0,100,512MB,4000,full,OFF,197.32,oltp_read_write,64,1000000,4,4,ON,LOGICAL_CLOCK
1GB,2,2,1,ON,1,1024,1,0,100,5GB,4000,full,OFF,199.87,oltp_read_write,64,1000000,4,4,ON,LOGICAL_CLOCK
1GB,2,2,1,ON,1,1024,1,10,100,4MB,4000,full,OFF,195.21,oltp_read_write,64,1000000,4,4,ON,LOGICAL_CLOCK
1GB,2,2,1,ON,1,1024,1,10,100,48MB,4000,full,OFF,196.39,oltp_read_write,64,1000000,4,4,ON,LOGICAL_CLOCK
1GB,2,2,1,ON,1,1024,1,10,100,512MB,4000,full,OFF,196.69,oltp_read_write,64,1000000,4,4,ON,LOGICAL_CLOCK
1GB,2,2,1,ON,1,1024,1,10,100,5GB,4000,full,OFF,202.62,oltp_read_write,64,1000000,4,4,ON,LOGICAL_CLOCK
1GB,2,2,1,ON,1,1024,1,25,100,4MB,4000,full,OFF,202.20,oltp_read_write,64,1000000,4,4,ON,LOGICAL_CLOCK
1GB,2,2,1,ON,1,1024,1,25,100,48MB,4000,full,OFF,195.42,oltp_read_write,64,1000000,4,4,ON,LOGICAL_CLOCK
1GB,2,2,1,ON,1,1024,1,25,100,512MB,4000,full,OFF,199.01,oltp_read_write,64,1000000,4,4,ON,LOGICAL_CLOCK
1GB,2,2,1,ON,1,1024,1,25,100,5GB,4000,full,OFF,200.04,oltp_read_write,64,1000000,4,4,ON,LOGICAL_CLOCK
1GB,2,2,1,ON,1,1024,1,50,100,4MB,4000,full,OFF,195.75,oltp_read_write,64,1000000,4,4,ON,LOGICAL_CLOCK
1GB,2,2,1,ON,1,1024,1,50,100,48MB,4000,full,OFF,200.33,oltp_read_write,64,1000000,4,4,ON,LOGICAL_CLOCK
1GB,2,2,1,ON,1,1024,1,50,100,512MB,4000,full,OFF,197.57,oltp_read_write,64,1000000,4,4,ON,LOGICAL_CLOCK
1GB,2,2,1,ON,1,1024,1,50,100,5GB,4000,full,OFF,195.55,oltp_read_write,64,1000000,4,4,ON,LOGICAL_CLOCK
1GB,2,2,1,ON,1,1024,1,0,100,48MB,1,full,OFF,156.05,oltp_read_write,64,1000000,4,4,ON,LOGICAL_CLOCK
1GB,2,2,1,ON,1,1024,1,0,100,48MB,1000,full,OFF,187.97,oltp_read_write,64,1000000,4,4,ON,LOGICAL_CLOCK
1GB,2,2,1,ON,1,1024,1,0,100,48MB,2000,full,OFF,187.65,oltp_read_write,64,1000000,4,4,ON,LOGICAL_CLOCK
1GB,2,2,1,ON,1,1024,1,0,100,48MB,4000,full,OFF,188.91,oltp_read_write,64,1000000,4,4,ON,LOGICAL_CLOCK
1GB,2,2,1,ON,1,1024,1,10,100,48MB,1,full,OFF,185.02,oltp_read_write,64,1000000,4,4,ON,LOGICAL_CLOCK
1GB,2,2,1,ON,1,1024,1,10,100,48MB,1000,full,OFF,202.21,oltp_read_write,64,1000000,4,4,ON,LOGICAL_CLOCK
1GB,2,2,1,ON,1,1024,1,10,100,48MB,2000,full,OFF,199.14,oltp_read_write,64,1000000,4,4,ON,LOGICAL_CLOCK
1GB,2,2,1,ON,1,1024,1,10,100,48MB,4000,full,OFF,198.35,oltp_read_write,64,1000000,4,4,ON,LOGICAL_CLOCK
1GB,2,2,1,ON,1,1024,1,25,100,48MB,1,full,OFF,182.49,oltp_read_write,64,1000000,4,4,ON,LOGICAL_CLOCK
1GB,2,2,1,ON,1,1024,1,25,100,48MB,1000,full,OFF,197.83,oltp_read_write,64,1000000,4,4,ON,LOGICAL_CLOCK
1GB,2,2,1,ON,1,1024,1,25,100,48MB,2000,full,OFF,197.77,oltp_read_write,64,1000000,4,4,ON,LOGICAL_CLOCK
1GB,2,2,1,ON,1,1024,1,25,100,48MB,4000,full,OFF,199.02,oltp_read_write,64,1000000,4,4,ON,LOGICAL_CLOCK
1GB,2,2,1,ON,1,1024,1,50,100,48MB,1,full,OFF,187.94,oltp_read_write,64,1000000,4,4,ON,LOGICAL_CLOCK
1GB,2,2,1,ON,1,1024,1,50,100,48MB,1000,full,OFF,199.01,oltp_read_write,64,1000000,4,4,ON,LOGICAL_CLOCK
1GB,2,2,1,ON,1,1024,1,50,100,48MB,2000,full,OFF,194.53,oltp_read_write,64,1000000,4,4,ON,LOGICAL_CLOCK
1GB,2,2,1,ON,1,1024,1,50,100,48MB,4000,full,OFF,194.98,oltp_read_write,64,1000000,4,4,ON,LOGICAL_CLOCK
1GB,2,2,1,ON,1,1024,1,0,100,48MB,4000,full,OFF,181.25,oltp_read_write,64,1000000,4,4,ON,LOGICAL_CLOCK
1GB,2,2,1,ON,1,1024,1,0,100,48MB,4000,minimal,OFF,184.66,oltp_read_write,64,1000000,4,4,ON,LOGICAL_CLOCK
1GB,2,2,1,ON,1,1024,1,0,100,48MB,4000,noblob,OFF,186.53,oltp_read_write,64,1000000,4,4,ON,LOGICAL_CLOCK
1GB,2,2,1,ON,1,1024,1,10,100,48MB,4000,full,OFF,201.43,oltp_read_write,64,1000000,4,4,ON,LOGICAL_CLOCK
1GB,2,2,1,ON,1,1024,1,10,100,48MB,4000,minimal,OFF,202.30,oltp_read_write,64,1000000,4,4,ON,LOGICAL_CLOCK
1GB,2,2,1,ON,1,1024,1,10,100,48MB,4000,noblob,OFF,201.45,oltp_read_write,64,1000000,4,4,ON,LOGICAL_CLOCK
1GB,2,2,1,ON,1,1024,1,25,100,48MB,4000,full,OFF,200.94,oltp_read_write,64,1000000,4,4,ON,LOGICAL_CLOCK
1GB,2,2,1,ON,1,1024,1,25,100,48MB,4000,minimal,OFF,200.82,oltp_read_write,64,1000000,4,4,ON,LOGICAL_CLOCK
1GB,2,2,1,ON,1,1024,1,25,100,48MB,4000,noblob,OFF,198.30,oltp_read_write,64,1000000,4,4,ON,LOGICAL_CLOCK
1GB,2,2,1,ON,1,1024,1,50,100,48MB,4000,full,OFF,203.69,oltp_read_write,64,1000000,4,4,ON,LOGICAL_CLOCK
1GB,2,2,1,ON,1,1024,1,50,100,48MB,4000,minimal,OFF,203.36,oltp_read_write,64,1000000,4,4,ON,LOGICAL_CLOCK
1GB,2,2,1,ON,1,1024,1,50,100,48MB,4000,noblob,OFF,194.25,oltp_read_write,64,1000000,4,4,ON,LOGICAL_CLOCK
1GB,2,2,1,ON,1,1024,1,0,100,48MB,4000,full,OFF,180.26,oltp_read_write,64,1000000,4,4,ON,LOGICAL_CLOCK
1GB,2,2,1,ON,1,1024,1,0,100,48MB,4000,full,ON,182.89,oltp_read_write,64,1000000,4,4,ON,LOGICAL_CLOCK
1GB,2,2,1,ON,1,1024,1,10,100,48MB,4000,full,OFF,199.41,oltp_read_write,64,1000000,4,4,ON,LOGICAL_CLOCK
1GB,2,2,1,ON,1,1024,1,10,100,48MB,4000,full,ON,199.37,oltp_read_write,64,1000000,4,4,ON,LOGICAL_CLOCK
1GB,2,2,1,ON,1,1024,1,25,100,48MB,4000,full,OFF,197.69,oltp_read_write,64,1000000,4,4,ON,LOGICAL_CLOCK
1GB,2,2,1,ON,1,1024,1,25,100,48MB,4000,full,ON,197.04,oltp_read_write,64,1000000,4,4,ON,LOGICAL_CLOCK
1GB,2,2,1,ON,1,1024,1,50,100,48MB,4000,full,OFF,200.82,oltp_read_write,64,1000000,4,4,ON,LOGICAL_CLOCK
1GB,2,2,1,ON,1,1024,1,50,100,48MB,4000,full,ON,195.86,oltp_read_write,64,1000000,4,4,ON,LOGICAL_CLOCK
1GB,2,2,1,ON,1,1024,1,25,100,4MB,4000,full,OFF,195.19,oltp_read_write,64,1000000,4,4,ON,LOGICAL_CLOCK
1GB,2,2,1,ON,1,1024,1,25,100,48MB,4000,full,OFF,195.50,oltp_read_write,64,1000000,4,4,ON,LOGICAL_CLOCK
1GB,2,2,1,ON,1,1024,1,25,100,512MB,4000,full,OFF,198.63,oltp_read_write,64,1000000,4,4,ON,LOGICAL_CLOCK
1GB,2,2,1,ON,1,1024,1,25,100,5GB,4000,full,OFF,195.36,oltp_read_write,64,1000000,4,4,ON,LOGICAL_CLOCK
1GB,2,2,1,ON,1,1024,1,25,5000,4MB,4000,full,OFF,196.54,oltp_read_write,64,1000000,4,4,ON,LOGICAL_CLOCK
1GB,2,2,1,ON,1,1024,1,25,5000,48MB,4000,full,OFF,198.89,oltp_read_write,64,1000000,4,4,ON,LOGICAL_CLOCK
1GB,2,2,1,ON,1,1024,1,25,5000,512MB,4000,full,OFF,197.51,oltp_read_write,64,1000000,4,4,ON,LOGICAL_CLOCK
1GB,2,2,1,ON,1,1024,1,25,5000,5GB,4000,full,OFF,199.46,oltp_read_write,64,1000000,4,4,ON,LOGICAL_CLOCK
1GB,2,2,1,ON,1,1024,1,25,10000,4MB,4000,full,OFF,201.81,oltp_read_write,64,1000000,4,4,ON,LOGICAL_CLOCK
1GB,2,2,1,ON,1,1024,1,25,10000,48MB,4000,full,OFF,194.70,oltp_read_write,64,1000000,4,4,ON,LOGICAL_CLOCK
1GB,2,2,1,ON,1,1024,1,25,10000,512MB,4000,full,OFF,197.64,oltp_read_write,64,1000000,4,4,ON,LOGICAL_CLOCK
1GB,2,2,1,ON,1,1024,1,25,10000,5GB,4000,full,OFF,194.84,oltp_read_write,64,1000000,4,4,ON,LOGICAL_CLOCK
1GB,2,2,1,ON,1,1024,1,25,20000,4MB,4000,full,OFF,198.03,oltp_read_write,64,1000000,4,4,ON,LOGICAL_CLOCK
1GB,2,2,1,ON,1,1024,1,25,20000,48MB,4000,full,OFF,199.50,oltp_read_write,64,1000000,4,4,ON,LOGICAL_CLOCK
1GB,2,2,1,ON,1,1024,1,25,20000,512MB,4000,full,OFF,197.82,oltp_read_write,64,1000000,4,4,ON,LOGICAL_CLOCK
1GB,2,2,1,ON,1,1024,1,25,20000,5GB,4000,full,OFF,197.48,oltp_read_write,64,1000000,4,4,ON,LOGICAL_CLOCK
1GB,2,2,1,ON,1,1024,1,25,100,48MB,1,full,OFF,162.89,oltp_read_write,64,1000000,4,4,ON,LOGICAL_CLOCK
1GB,2,2,1,ON,1,1024,1,25,100,48MB,1000,full,OFF,196.17,oltp_read_write,64,1000000,4,4,ON,LOGICAL_CLOCK
1GB,2,2,1,ON,1,1024,1,25,100,48MB,2000,full,OFF,194.60,oltp_read_write,64,1000000,4,4,ON,LOGICAL_CLOCK
1GB,2,2,1,ON,1,1024,1,25,100,48MB,4000,full,OFF,195.87,oltp_read_write,64,1000000,4,4,ON,LOGICAL_CLOCK
1GB,2,2,1,ON,1,1024,1,25,5000,48MB,1,full,OFF,178.99,oltp_read_write,64,1000000,4,4,ON,LOGICAL_CLOCK
1GB,2,2,1,ON,1,1024,1,25,5000,48MB,1000,full,OFF,195.24,oltp_read_write,64,1000000,4,4,ON,LOGICAL_CLOCK
1GB,2,2,1,ON,1,1024,1,25,5000,48MB,2000,full,OFF,196.18,oltp_read_write,64,1000000,4,4,ON,LOGICAL_CLOCK
1GB,2,2,1,ON,1,1024,1,25,5000,48MB,4000,full,OFF,192.30,oltp_read_write,64,1000000,4,4,ON,LOGICAL_CLOCK
1GB,2,2,1,ON,1,1024,1,25,10000,48MB,1,full,OFF,182.67,oltp_read_write,64,1000000,4,4,ON,LOGICAL_CLOCK
1GB,2,2,1,ON,1,1024,1,25,10000,48MB,1000,full,OFF,193.63,oltp_read_write,64,1000000,4,4,ON,LOGICAL_CLOCK
1GB,2,2,1,ON,1,1024,1,25,10000,48MB,2000,full,OFF,194.18,oltp_read_write,64,1000000,4,4,ON,LOGICAL_CLOCK
1GB,2,2,1,ON,1,1024,1,25,10000,48MB,4000,full,OFF,193.32,oltp_read_write,64,1000000,4,4,ON,LOGICAL_CLOCK
1GB,2,2,1,ON,1,1024,1,25,20000,48MB,1,full,OFF,180.93,oltp_read_write,64,1000000,4,4,ON,LOGICAL_CLOCK
1GB,2,2,1,ON,1,1024,1,25,20000,48MB,1000,full,OFF,194.35,oltp_read_write,64,1000000,4,4,ON,LOGICAL_CLOCK
1GB,2,2,1,ON,1,1024,1,25,20000,48MB,2000,full,OFF,195.25,oltp_read_write,64,1000000,4,4,ON,LOGICAL_CLOCK
1GB,2,2,1,ON,1,1024,1,25,20000,48MB,4000,full,OFF,196.46,oltp_read_write,64,1000000,4,4,ON,LOGICAL_CLOCK
1GB,2,2,1,ON,1,1024,1,25,100,48MB,4000,full,OFF,202.74,oltp_read_write,64,1000000,4,4,ON,LOGICAL_CLOCK
1GB,2,2,1,ON,1,1024,1,25,100,48MB,4000,minimal,OFF,200.99,oltp_read_write,64,1000000,4,4,ON,LOGICAL_CLOCK
1GB,2,2,1,ON,1,1024,1,25,100,48MB,4000,noblob,OFF,204.76,oltp_read_write,64,1000000,4,4,ON,LOGICAL_CLOCK
1GB,2,2,1,ON,1,1024,1,25,5000,48MB,4000,full,OFF,193.32,oltp_read_write,64,1000000,4,4,ON,LOGICAL_CLOCK
1GB,2,2,1,ON,1,1024,1,25,5000,48MB,4000,minimal,OFF,193.79,oltp_read_write,64,1000000,4,4,ON,LOGICAL_CLOCK
1GB,2,2,1,ON,1,1024,1,25,5000,48MB,4000,noblob,OFF,193.88,oltp_read_write,64,1000000,4,4,ON,LOGICAL_CLOCK
1GB,2,2,1,ON,1,1024,1,25,10000,48MB,4000,full,OFF,194.45,oltp_read_write,64,1000000,4,4,ON,LOGICAL_CLOCK
1GB,2,2,1,ON,1,1024,1,25,10000,48MB,4000,minimal,OFF,197.71,oltp_read_write,64,1000000,4,4,ON,LOGICAL_CLOCK
1GB,2,2,1,ON,1,1024,1,25,10000,48MB,4000,noblob,OFF,194.46,oltp_read_write,64,1000000,4,4,ON,LOGICAL_CLOCK
1GB,2,2,1,ON,1,1024,1,25,20000,48MB,4000,full,OFF,194.66,oltp_read_write,64,1000000,4,4,ON,LOGICAL_CLOCK
1GB,2,2,1,ON,1,1024,1,25,20000,48MB,4000,minimal,OFF,196.06,oltp_read_write,64,1000000,4,4,ON,LOGICAL_CLOCK
1GB,2,2,1,ON,1,1024,1,25,20000,48MB,4000,noblob,OFF,198.96,oltp_read_write,64,1000000,4,4,ON,LOGICAL_CLOCK
1GB,2,2,1,ON,1,1024,1,25,100,48MB,4000,full,OFF,198.81,oltp_read_write,64,1000000,4,4,ON,LOGICAL_CLOCK
1GB,2,2,1,ON,1,1024,1,25,100,48MB,4000,full,ON,198.87,oltp_read_write,64,1000000,4,4,ON,LOGICAL_CLOCK
1GB,2,2,1,ON,1,1024,1,25,5000,48MB,4000,full,OFF,192.16,oltp_read_write,64,1000000,4,4,ON,LOGICAL_CLOCK
1GB,2,2,1,ON,1,1024,1,25,5000,48MB,4000,full,ON,195.01,oltp_read_write,64,1000000,4,4,ON,LOGICAL_CLOCK
1GB,2,2,1,ON,1,1024,1,25,10000,48MB,4000,full,OFF,196.08,oltp_read_write,64,1000000,4,4,ON,LOGICAL_CLOCK
1GB,2,2,1,ON,1,1024,1,25,10000,48MB,4000,full,ON,195.00,oltp_read_write,64,1000000,4,4,ON,LOGICAL_CLOCK
1GB,2,2,1,ON,1,1024,1,25,20000,48MB,4000,full,OFF,198.01,oltp_read_write,64,1000000,4,4,ON,LOGICAL_CLOCK
1GB,2,2,1,ON,1,1024,1,25,20000,48MB,4000,full,ON,199.50,oltp_read_write,64,1000000,4,4,ON,LOGICAL_CLOCK
1GB,2,2,1,ON,1,1024,1,25,100,4MB,1,full,OFF,200.21,oltp_read_write,64,1000000,4,4,ON,LOGICAL_CLOCK
1GB,2,2,1,ON,1,1024,1,25,100,4MB,1000,full,OFF,199.10,oltp_read_write,64,1000000,4,4,ON,LOGICAL_CLOCK
1GB,2,2,1,ON,1,1024,1,25,100,4MB,2000,full,OFF,198.20,oltp_read_write,64,1000000,4,4,ON,LOGICAL_CLOCK
1GB,2,2,1,ON,1,1024,1,25,100,4MB,4000,full,OFF,201.23,oltp_read_write,64,1000000,4,4,ON,LOGICAL_CLOCK
1GB,2,2,1,ON,1,1024,1,25,100,48MB,1,full,OFF,198.13,oltp_read_write,64,1000000,4,4,ON,LOGICAL_CLOCK
1GB,2,2,1,ON,1,1024,1,25,100,48MB,1000,full,OFF,199.25,oltp_read_write,64,1000000,4,4,ON,LOGICAL_CLOCK
1GB,2,2,1,ON,1,1024,1,25,100,48MB,2000,full,OFF,203.15,oltp_read_write,64,1000000,4,4,ON,LOGICAL_CLOCK
1GB,2,2,1,ON,1,1024,1,25,100,48MB,4000,full,OFF,195.52,oltp_read_write,64,1000000,4,4,ON,LOGICAL_CLOCK
1GB,2,2,1,ON,1,1024,1,25,100,512MB,1,full,OFF,200.50,oltp_read_write,64,1000000,4,4,ON,LOGICAL_CLOCK
1GB,2,2,1,ON,1,1024,1,25,100,512MB,1000,full,OFF,198.52,oltp_read_write,64,1000000,4,4,ON,LOGICAL_CLOCK
1GB,2,2,1,ON,1,1024,1,25,100,512MB,2000,full,OFF,202.24,oltp_read_write,64,1000000,4,4,ON,LOGICAL_CLOCK
1GB,2,2,1,ON,1,1024,1,25,100,512MB,4000,full,OFF,196.27,oltp_read_write,64,1000000,4,4,ON,LOGICAL_CLOCK
1GB,2,2,1,ON,1,1024,1,25,100,5GB,1,full,OFF,202.91,oltp_read_write,64,1000000,4,4,ON,LOGICAL_CLOCK
1GB,2,2,1,ON,1,1024,1,25,100,5GB,1000,full,OFF,196.58,oltp_read_write,64,1000000,4,4,ON,LOGICAL_CLOCK
1GB,2,2,1,ON,1,1024,1,25,100,5GB,2000,full,OFF,202.73,oltp_read_write,64,1000000,4,4,ON,LOGICAL_CLOCK
1GB,2,2,1,ON,1,1024,1,25,100,5GB,4000,full,OFF,194.50,oltp_read_write,64,1000000,4,4,ON,LOGICAL_CLOCK
1GB,2,2,1,ON,1,1024,1,25,100,4MB,4000,full,OFF,199.99,oltp_read_write,64,1000000,4,4,ON,LOGICAL_CLOCK
1GB,2,2,1,ON,1,1024,1,25,100,4MB,4000,minimal,OFF,199.94,oltp_read_write,64,1000000,4,4,ON,LOGICAL_CLOCK
1GB,2,2,1,ON,1,1024,1,25,100,4MB,4000,noblob,OFF,201.70,oltp_read_write,64,1000000,4,4,ON,LOGICAL_CLOCK
1GB,2,2,1,ON,1,1024,1,25,100,48MB,4000,full,OFF,197.03,oltp_read_write,64,1000000,4,4,ON,LOGICAL_CLOCK
1GB,2,2,1,ON,1,1024,1,25,100,48MB,4000,minimal,OFF,196.58,oltp_read_write,64,1000000,4,4,ON,LOGICAL_CLOCK
1GB,2,2,1,ON,1,1024,1,25,100,48MB,4000,noblob,OFF,194.79,oltp_read_write,64,1000000,4,4,ON,LOGICAL_CLOCK
1GB,2,2,1,ON,1,1024,1,25,100,512MB,4000,full,OFF,199.30,oltp_read_write,64,1000000,4,4,ON,LOGICAL_CLOCK
1GB,2,2,1,ON,1,1024,1,25,100,512MB,4000,minimal,OFF,197.45,oltp_read_write,64,1000000,4,4,ON,LOGICAL_CLOCK
1GB,2,2,1,ON,1,1024,1,25,100,512MB,4000,noblob,OFF,200.38,oltp_read_write,64,1000000,4,4,ON,LOGICAL_CLOCK
1GB,2,2,1,ON,1,1024,1,25,100,5GB,4000,full,OFF,197.30,oltp_read_write,64,1000000,4,4,ON,LOGICAL_CLOCK
1GB,2,2,1,ON,1,1024,1,25,100,5GB,4000,minimal,OFF,194.83,oltp_read_write,64,1000000,4,4,ON,LOGICAL_CLOCK
1GB,2,2,1,ON,1,1024,1,25,100,5GB,4000,noblob,OFF,198.11,oltp_read_write,64,1000000,4,4,ON,LOGICAL_CLOCK
1GB,2,2,1,ON,1,1024,1,25,100,4MB,4000,full,OFF,196.40,oltp_read_write,64,1000000,4,4,ON,LOGICAL_CLOCK
1GB,2,2,1,ON,1,1024,1,25,100,4MB,4000,full,ON,196.45,oltp_read_write,64,1000000,4,4,ON,LOGICAL_CLOCK
1GB,2,2,1,ON,1,1024,1,25,100,48MB,4000,full,OFF,199.14,oltp_read_write,64,1000000,4,4,ON,LOGICAL_CLOCK
1GB,2,2,1,ON,1,1024,1,25,100,48MB,4000,full,ON,201.05,oltp_read_write,64,1000000,4,4,ON,LOGICAL_CLOCK
1GB,2,2,1,ON,1,1024,1,25,100,512MB,4000,full,OFF,197.30,oltp_read_write,64,1000000,4,4,ON,LOGICAL_CLOCK
1GB,2,2,1,ON,1,1024,1,25,100,512MB,4000,full,ON,204.17,oltp_read_write,64,1000000,4,4,ON,LOGICAL_CLOCK
1GB,2,2,1,ON,1,1024,1,25,100,5GB,4000,full,OFF,197.40,oltp_read_write,64,1000000,4,4,ON,LOGICAL_CLOCK
1GB,2,2,1,ON,1,1024,1,25,100,5GB,4000,full,ON,196.82,oltp_read_write,64,1000000,4,4,ON,LOGICAL_CLOCK
1GB,2,2,1,ON,1,1024,1,25,100,48MB,1,full,OFF,165.10,oltp_read_write,64,1000000,4,4,ON,LOGICAL_CLOCK
1GB,2,2,1,ON,1,1024,1,25,100,48MB,1,minimal,OFF,168.56,oltp_read_write,64,1000000,4,4,ON,LOGICAL_CLOCK
1GB,2,2,1,ON,1,1024,1,25,100,48MB,1,noblob,OFF,166.54,oltp_read_write,64,1000000,4,4,ON,LOGICAL_CLOCK
1GB,2,2,1,ON,1,1024,1,25,100,48MB,1000,full,OFF,202.76,oltp_read_write,64,1000000,4,4,ON,LOGICAL_CLOCK
1GB,2,2,1,ON,1,1024,1,25,100,48MB,1000,minimal,OFF,197.15,oltp_read_write,64,1000000,4,4,ON,LOGICAL_CLOCK
1GB,2,2,1,ON,1,1024,1,25,100,48MB,1000,noblob,OFF,192.58,oltp_read_write,64,1000000,4,4,ON,LOGICAL_CLOCK
1GB,2,2,1,ON,1,1024,1,25,100,48MB,2000,full,OFF,194.14,oltp_read_write,64,1000000,4,4,ON,LOGICAL_CLOCK
1GB,2,2,1,ON,1,1024,1,25,100,48MB,2000,minimal,OFF,192.01,oltp_read_write,64,1000000,4,4,ON,LOGICAL_CLOCK
1GB,2,2,1,ON,1,1024,1,25,100,48MB,2000,noblob,OFF,194.48,oltp_read_write,64,1000000,4,4,ON,LOGICAL_CLOCK
1GB,2,2,1,ON,1,1024,1,25,100,48MB,4000,full,OFF,193.46,oltp_read_write,64,1000000,4,4,ON,LOGICAL_CLOCK
1GB,2,2,1,ON,1,1024,1,25,100,48MB,4000,minimal,OFF,188.86,oltp_read_write,64,1000000,4,4,ON,LOGICAL_CLOCK
1GB,2,2,1,ON,1,1024,1,25,100,48MB,4000,noblob,OFF,189.07,oltp_read_write,64,1000000,4,4,ON,LOGICAL_CLOCK
1GB,2,2,1,ON,1,1024,1,25,100,48MB,1,full,OFF,160.71,oltp_read_write,64,1000000,4,4,ON,LOGICAL_CLOCK
1GB,2,2,1,ON,1,1024,1,25,100,48MB,1,full,ON,161.82,oltp_read_write,64,1000000,4,4,ON,LOGICAL_CLOCK
1GB,2,2,1,ON,1,1024,1,25,100,48MB,1000,full,OFF,192.50,oltp_read_write,64,1000000,4,4,ON,LOGICAL_CLOCK
1GB,2,2,1,ON,1,1024,1,25,100,48MB,1000,full,ON,195.20,oltp_read_write,64,1000000,4,4,ON,LOGICAL_CLOCK
1GB,2,2,1,ON,1,1024,1,25,100,48MB,2000,full,OFF,190.41,oltp_read_write,64,1000000,4,4,ON,LOGICAL_CLOCK
1GB,2,2,1,ON,1,1024,1,25,100,48MB,2000,full,ON,195.08,oltp_read_write,64,1000000,4,4,ON,LOGICAL_CLOCK
1GB,2,2,1,ON,1,1024,1,25,100,48MB,4000,full,OFF,192.01,oltp_read_write,64,1000000,4,4,ON,LOGICAL_CLOCK
1GB,2,2,1,ON,1,1024,1,25,100,48MB,4000,full,ON,189.68,oltp_read_write,64,1000000,4,4,ON,LOGICAL_CLOCK
1GB,2,2,1,ON,1,1024,1,25,100,48MB,4000,full,OFF,187.09,oltp_read_write,64,1000000,4,4,ON,LOGICAL_CLOCK
1GB,2,2,1,ON,1,1024,1,25,100,48MB,4000,full,ON,191.56,oltp_read_write,64,1000000,4,4,ON,LOGICAL_CLOCK
1GB,2,2,1,ON,1,1024,1,25,100,48MB,4000,minimal,OFF,192.78,oltp_read_write,64,1000000,4,4,ON,LOGICAL_CLOCK
1GB,2,2,1,ON,1,1024,1,25,100,48MB,4000,minimal,ON,191.16,oltp_read_write,64,1000000,4,4,ON,LOGICAL_CLOCK
1GB,2,2,1,ON,1,1024,1,25,100,48MB,4000,noblob,OFF,192.59,oltp_read_write,64,1000000,4,4,ON,LOGICAL_CLOCK
1GB,2,2,1,ON,1,1024,1,25,100,48MB,4000,noblob,ON,193.29,oltp_read_write,64,1000000,4,4,ON,LOGICAL_CLOCK
